,step,reward,actor_loss,alpha,alpha_loss,cql1_loss,cql2_loss,cql_logp,cql_logp_next_action,cql_next_q1,cql_next_q2,cql_q1,cql_q2,critic_loss,logp,logp_next_action,q1,q2,random_q1,random_q2,target_q,batch_rewards,time
0,0,1.581033935243455,,,,,,,,,,,,,,,,,,,,,
1,30000,10.786016420445684,-54.673645,0.3639182,-0.36031806,8.3279,8.092104,2.6638746,2.801888,54.25836,54.46524,55.891045,56.05818,3.5552263,2.643541,2.7889037,55.749626,56.022747,45.765804,45.985638,56.39332,3.0150694847106934,1.019981360435486
2,35000,13.505793103945617,-108.814606,0.34246653,-0.3495191,8.85614,8.51535,2.6192436,2.6327536,107.38397,107.31264,110.21295,110.08257,6.456914,2.6738286,2.7116022,109.79993,109.740395,97.82257,98.25932,110.201225,3.122671604156494,1.9273584961891175
3,40000,10.416833428894424,-154.35205,0.36844662,0.47593886,5.261243,5.2538376,3.4587436,3.432183,153.4975,153.39725,156.1157,156.12436,6.234353,3.4766731,3.4345715,155.78946,155.71912,139.9588,140.68637,155.15356,3.100003719329834,2.823124551773071
4,45000,9.298208020709994,-182.2888,0.3811474,-0.06768495,7.1768622,6.838207,2.8099399,2.8256812,181.88177,181.06674,184.41512,183.63605,6.6911182,2.929829,2.954984,184.1501,183.46158,168.90274,168.22649,184.02213,3.091508626937866,3.718181117375692
5,50000,27.98274807225368,-210.13719,0.3951435,0.20066106,5.3090153,5.6379914,3.1547053,3.1775033,209.07521,208.65482,212.27185,211.71715,8.643482,3.2161117,3.280459,211.90079,211.30034,194.08228,194.4047,211.46649,3.1641440391540527,4.636158756415049
6,55000,20.89759317204206,-228.6936,0.40152523,0.03931401,6.928873,6.99636,3.0646186,3.068251,226.90916,226.92712,230.52405,230.43658,8.599413,3.0430846,3.0034673,229.90659,229.80202,213.05545,213.57881,228.76538,3.1271591186523438,5.5497758150100704
7,60000,26.014926120458025,-234.51169,0.4057998,0.17417876,5.778764,5.6734166,3.0382886,3.1063933,232.54596,232.76962,236.36855,236.53137,7.7199883,3.1931252,2.9594095,236.00352,236.1965,218.97845,219.98523,236.11487,3.092517137527466,6.455744151274363
8,65000,54.16223118384532,-241.93163,0.4099708,-0.038952198,6.8072987,6.5051613,2.9567947,3.0351663,240.06178,240.5834,243.61057,243.97195,9.764733,2.9563153,3.0929651,243.13943,243.50253,225.49908,226.36967,243.5547,3.1323800086975098,7.0937367161115015
9,70000,27.13728633870933,-250.8204,0.4176836,-0.077340126,4.8637266,5.3178263,2.9569805,2.8641553,248.41527,248.53851,252.61234,252.68219,5.8945055,2.9114118,2.9593148,252.38391,252.35751,235.01347,235.22522,252.25917,3.1158089637756348,7.677627670764923
10,75000,47.114047559876774,-250.32516,0.42091367,0.3719142,6.0588675,5.3339844,3.3883026,3.3457093,248.38884,248.58385,252.33347,252.3081,8.592049,3.4297957,3.266329,251.7185,251.86041,234.00943,234.2616,251.51373,3.1255083084106445,8.279439719518026
11,80000,60.85166903730488,-251.7576,0.4294894,0.053266443,4.9714365,5.0735393,3.0980067,3.0048413,249.22113,249.44637,253.59755,253.90436,9.667486,3.0630255,3.059631,253.22592,253.52887,235.34566,235.79869,252.29788,3.101530075073242,8.90091830889384
12,85000,65.12375951238317,-257.59546,0.42865473,0.15942302,4.186615,4.0004787,3.199345,3.2073085,255.2441,254.51186,259.8813,259.46527,7.3997393,3.1881976,3.1316288,259.50342,259.177,239.04425,238.95557,259.80704,3.2342662811279297,9.526777497927348
13,90000,66.84319060114579,-261.46313,0.43227297,0.020561531,5.0431347,5.0799937,2.9460795,2.9098866,258.7262,259.3035,263.04852,263.56863,5.7714014,3.024516,2.8278685,262.77576,263.27884,244.87704,245.44102,263.08798,3.104116439819336,10.157896204789479
14,95000,67.65676485528198,-263.42465,0.43577915,-0.13749877,5.732855,5.608359,2.7525206,2.7208905,261.48465,260.19482,265.99054,264.8766,7.4810257,2.8344624,2.6915941,265.70587,264.5727,248.2969,247.12698,266.03534,3.021028518676758,10.799268579483032
15,100000,57.47778109776972,-253.76556,0.43804222,0.0427355,5.1710777,5.240962,3.0674517,3.0479438,251.04526,251.71486,255.43216,256.09503,5.409203,3.051773,3.1094255,254.9862,255.6814,235.65073,236.45045,254.9581,3.076794147491455,11.734634013970693
16,105000,60.37603172071878,-261.13785,0.44180748,0.20251068,5.435045,5.032467,3.2843664,3.275516,258.62012,259.08768,262.84735,263.41663,8.385048,3.2479072,3.0120926,262.23712,262.88562,245.01022,245.76158,262.00378,3.050326347351074,12.767634244759877
17,110000,66.16005918479372,-264.65814,0.44212222,0.16723707,3.7250085,3.8208978,3.3498302,3.2809303,262.0975,261.72614,267.01062,266.6189,6.9457507,3.204905,3.342371,266.5437,266.08405,246.36438,246.60138,266.7085,3.177548408508301,13.816521581013998
18,115000,91.41990870198642,-258.59702,0.44521183,0.052518792,4.214205,4.0241284,3.0919967,3.014192,255.75433,255.68178,260.65808,260.62274,6.6045237,3.0649018,3.026752,260.21997,260.26523,240.84097,240.45303,259.50146,3.1879377365112305,14.91835499604543
19,120000,67.44920808620962,-267.65656,0.44788837,0.13451858,5.0848055,4.6923037,3.159591,3.1238132,265.88538,265.32663,269.93515,269.50293,5.2683496,3.167476,3.1069386,269.43585,269.02502,250.8559,250.51219,269.0869,3.064563512802124,15.962482603391011
20,125000,51.67871744861782,-261.81238,0.44779634,0.055915706,5.558989,5.5481806,2.965982,2.9960911,259.1193,259.90436,263.47095,264.15918,5.8942804,3.0695972,2.9536176,263.0797,263.76825,244.87231,245.69197,263.41476,3.1143407821655273,16.96750688155492
21,130000,67.35179988033168,-259.68057,0.4534318,0.07539833,5.8863626,5.8506107,2.998352,2.8579268,256.72827,257.13913,261.35815,261.9447,4.8314915,3.0953312,2.8758066,260.8161,261.3684,242.25241,242.96565,261.22464,3.192044496536255,18.00018279949824
22,135000,73.78964974648926,-265.97546,0.4506063,-0.111884564,5.3070803,5.4168806,2.947287,2.9729724,263.60846,263.05392,268.2381,267.70514,6.8916397,2.8596463,3.0412621,267.8719,267.3634,249.21365,248.48672,267.67822,3.0697622299194336,19.0452800989151
23,140000,63.65592573899789,-263.0534,0.4562059,-0.2451329,5.4647207,5.3468347,2.9502962,3.0244513,260.95795,260.63483,265.14386,264.94012,6.3271217,2.6876535,3.1284475,264.7234,264.49948,246.95068,246.61687,265.51648,3.036180019378662,20.069710262616475
24,145000,72.22203602197396,-265.1447,0.45637444,-0.0026444942,5.048501,5.265275,3.0579157,3.0772104,262.76602,262.34592,267.31335,267.11942,6.1511097,2.9966288,3.0608187,266.8452,266.64935,248.0817,247.88339,267.07483,3.104841709136963,20.944756186008455
25,150000,69.55817366112802,-268.59528,0.45896834,0.21752517,4.1744275,4.6216507,3.2991233,3.099038,266.09042,266.15424,270.70117,270.79184,6.0240774,3.2793174,3.1333666,270.19397,270.22662,250.71841,251.11911,269.8205,3.0905752182006836,21.648638315995534
26,155000,54.94348939910836,-258.55157,0.4613655,0.022578051,5.0409355,4.884824,3.0653286,3.1293237,255.58542,255.87076,260.38263,260.83057,5.821096,3.029187,3.1434295,259.819,260.30872,240.95018,241.31952,259.8069,3.214344024658203,22.34450433254242
27,160000,68.84817754111818,-262.664,0.46115354,-0.17593947,6.310463,6.04078,2.809873,2.9089375,259.44708,259.11987,264.6057,264.4535,6.0353518,2.772695,2.916595,264.08087,263.9421,246.139,246.07494,263.89163,3.082087993621826,23.05653264125188
28,165000,57.42187188936679,-265.71057,0.4650974,0.12991008,4.6957912,4.672121,3.0463884,2.9960024,262.5808,262.15326,267.83743,267.5968,7.8605213,3.1697044,2.899901,267.32455,267.10992,246.74637,246.53188,267.08246,3.1940107345581055,23.76228131055832
29,170000,72.80155867793775,-267.3583,0.46692824,0.05771582,5.400037,5.2201304,3.0535839,3.0929832,265.08368,265.28134,269.2901,269.34784,7.827035,3.0757842,3.0284219,268.71725,268.87054,249.04718,249.47574,269.42566,3.074343681335449,24.483502372105917
30,175000,64.42386051525564,-270.44397,0.46839193,-0.21260186,6.207817,6.3304787,2.7604773,2.7896004,267.6317,268.11594,272.10022,272.6466,7.7642417,2.719689,2.750464,271.7149,272.22675,254.1683,254.85849,271.09326,3.0427260398864746,25.205510346094766
31,180000,68.31196678668661,-268.83563,0.46945766,0.17135134,4.0405602,4.227276,3.2879007,3.1990993,265.8109,266.4081,270.66284,271.3545,6.684828,3.226602,3.174756,270.17975,270.83102,250.85973,251.46397,270.1466,3.119476795196533,25.957580284277597
32,185000,59.548810671895644,-265.83713,0.46816638,0.044349775,4.78788,4.6983376,3.179511,3.1067858,263.49973,263.26508,268.12823,267.72253,7.96704,3.058437,3.0168352,267.54602,267.14685,248.65552,248.84921,266.4073,3.092055559158325,26.687612187862396
33,190000,63.544346873278926,-269.49445,0.47387192,-0.15051281,5.81584,6.5749044,2.8258648,2.9000769,265.99728,266.21375,271.33636,271.52435,6.2283325,2.7984614,2.9853444,270.88702,270.98416,252.34016,252.81781,271.19055,3.102609634399414,27.435948260625203
34,195000,78.20886500917499,-266.71045,0.4768488,-0.06115245,5.0962934,5.277006,2.8911095,2.8407028,264.3573,263.84427,269.01984,268.5003,8.333036,2.9174237,2.8582406,268.63525,268.0525,249.3049,249.31032,268.56232,3.0839812755584717,28.193762548764546
35,200000,76.24988205486642,-263.80756,0.47874063,-0.1108943,4.3578143,4.598973,2.9135642,3.0167098,261.53973,261.2837,265.71594,265.82608,6.679573,2.8494503,2.9996185,265.44525,265.51102,247.87062,247.45193,265.1683,3.1183581352233887,28.95844099124273
36,205000,69.08124751666726,-261.852,0.4773769,0.23805296,4.544722,4.4499197,3.1208496,3.07228,258.81192,259.0401,264.00824,263.96283,6.617244,3.321933,3.0190082,263.5079,263.46973,244.24527,244.51234,263.26373,3.190542697906494,29.72094943523407
37,210000,55.740243402328026,-264.0425,0.47651646,0.10422641,5.5525236,5.414851,3.1681595,3.0992222,261.35486,261.32504,266.0572,266.36206,8.490412,3.1406083,2.992858,265.3772,265.6632,245.93228,246.19922,265.9336,3.1013710498809814,30.483387966950733
38,215000,59.64456764522904,-265.7911,0.4761143,0.0442933,6.007759,5.7666354,2.9751267,3.125526,262.66522,262.80145,267.64935,267.9848,7.3820434,3.0596867,3.1950364,267.0102,267.4009,247.19833,247.98492,267.1485,3.0461273193359375,31.24957573811213
39,220000,67.29684215473173,-267.27637,0.47999233,0.14637542,4.1630874,3.9095612,3.179685,3.2230353,265.01724,264.72028,269.4868,269.4024,5.9379034,3.1994257,3.209133,269.06073,269.00208,250.49355,250.30539,269.756,3.132589817047119,32.02851155598958
40,225000,79.30436007377227,-261.04135,0.48080274,-0.17364874,5.8695617,5.9626656,2.783303,2.9660773,257.73053,257.51532,262.97177,262.8612,7.561712,2.7628717,2.8663278,262.67328,262.5248,244.37617,244.1572,262.8758,3.1094295978546143,32.83225442171097
41,230000,71.07992182030387,-263.08606,0.48754767,0.14221051,4.5399303,4.59761,3.1718297,3.194087,260.08823,260.24664,265.1133,265.29224,7.838869,3.1979635,3.1603174,264.54413,264.7102,244.20665,244.7127,263.7857,3.1372132301330566,33.913507250944775
42,235000,59.54973256310869,-266.3864,0.48545593,0.050117344,3.9991708,4.0353127,3.1489642,3.0671394,263.3302,262.93103,268.62103,268.42676,6.516878,3.0693507,3.0925663,268.20578,268.01392,248.6023,248.84482,267.67798,3.0936789512634277,34.93351946274439
43,240000,71.34635541342544,-258.89624,0.48501462,0.036807574,5.876525,5.586177,2.8875108,2.9693027,256.09467,255.88297,261.09857,260.8062,6.32716,3.050869,2.8419092,260.6233,260.35852,240.48587,240.85712,261.0439,3.085500717163086,35.97160868644714
44,245000,69.30951809771366,-264.2681,0.48312974,0.17281008,5.234964,4.8984537,3.1511338,3.173974,261.24658,261.61417,266.33258,266.5772,5.787882,3.2375493,3.2573228,265.76227,266.02246,245.89256,246.41965,266.6512,3.0776684284210205,37.008973296483354
45,250000,72.01233206721673,-267.81964,0.4855506,0.30390573,3.9506106,4.1586504,3.1979117,3.1932507,263.986,264.11176,269.9265,270.0615,6.3147926,3.4206471,3.2902555,269.3817,269.44525,248.62305,249.15213,268.7763,3.106172561645508,38.04799468914668
46,255000,67.80355225692186,-271.50116,0.48923972,0.06393784,4.6756816,4.764598,3.1028132,2.9559221,268.17972,268.52042,273.3783,273.9532,7.200882,3.0894358,3.1207733,272.93802,273.48996,253.15337,253.94585,273.32706,3.104987144470215,39.073013472557065
47,260000,69.9452357611299,-269.64322,0.4867148,-0.054357,5.08667,4.9463673,3.0471392,3.0070236,266.05096,267.2864,271.3264,272.50482,13.419318,2.9245124,3.0164661,270.75226,271.95578,251.6564,253.45299,270.3954,3.0388450622558594,40.11046973864237
48,265000,56.58401466721311,-270.62537,0.49025849,-0.10666091,6.071909,5.9027653,2.873938,2.968829,266.87415,267.66888,272.52487,273.34174,6.4917974,2.8503683,2.9481869,272.0324,272.88718,253.7043,254.4404,272.17114,3.070978879928589,41.11847699085872
49,270000,65.81335261027763,-264.65277,0.4897101,-0.017304752,5.0321193,4.9728327,3.0522466,3.015225,262.0158,261.34344,267.07297,266.59567,10.872438,2.9757617,2.8000119,266.5632,266.1004,247.30643,246.64195,265.58612,3.116701364517212,42.151466544469194
50,275000,65.49780029927223,-272.42493,0.49226668,-0.13198768,4.3785486,4.741624,2.8497212,2.927176,269.33942,268.50806,274.97565,274.14667,5.7471733,2.81377,2.849692,274.6689,273.7552,254.43797,253.853,274.42215,3.052468776702881,43.18422509829203
51,280000,60.20705879854079,-268.04047,0.49147084,-0.16957363,6.2487335,6.40837,2.8372989,2.7862782,264.23798,264.23157,269.8328,270.05295,7.569473,2.7612824,2.7581334,269.1772,269.41803,251.5026,251.67857,269.29108,3.1168837547302246,44.211009728908536
52,285000,67.85896062089721,-262.94592,0.4961679,-0.12130277,5.847702,5.7349806,2.857284,2.9841762,260.13702,259.2296,265.4892,264.63104,5.945323,2.8269181,2.9558663,264.9475,264.12067,245.94345,245.38168,264.34686,3.149343967437744,45.25748368899028
53,290000,67.55377052170236,-256.6587,0.49516675,0.0587629,4.884143,4.7440915,3.0586028,3.0520759,253.21753,253.32101,258.56354,258.794,7.241479,3.0836053,3.0187132,257.9909,258.24078,238.14108,238.3122,258.1358,3.1992950439453125,46.30400492747625
54,295000,68.62291716305646,-253.36014,0.49435326,-0.07512007,6.0268936,6.036861,2.7615712,2.7235994,249.67154,250.36383,255.04651,255.65881,7.872833,2.8933718,2.588987,254.61902,255.20117,235.88344,236.5091,254.44946,3.1668198108673096,47.35741709073385
55,300000,65.7020939108536,-267.15762,0.4957977,0.15528874,4.3231225,4.163217,3.134283,3.0159917,262.7251,262.6183,269.3339,269.26056,5.6063633,3.2213392,2.9601426,268.7597,268.717,248.71161,248.5385,268.7763,3.0882558822631836,48.41201165914536
56,305000,70.64004878597922,-265.489,0.49343795,-0.056703154,4.820383,4.8476825,2.8744874,2.8761399,262.6192,262.0952,267.60864,267.24136,6.213875,2.9197247,2.7486446,267.31216,266.9182,249.12994,248.23222,267.13913,3.1370909214019775,49.482153646151225
57,310000,74.90710092520249,-268.5307,0.49602577,-0.08431353,5.347291,5.2098,2.8578656,2.9441528,265.18365,265.76712,270.23215,271.0307,8.890461,2.8797457,2.970428,269.88068,270.65698,250.29791,251.05946,269.15448,3.016143321990967,50.565415024757385
58,315000,60.12252038647159,-263.41052,0.50027746,-0.043071747,4.1773324,3.8313756,3.2022831,3.2684193,260.54242,260.03186,265.64038,265.4536,6.3877707,2.937811,3.1834035,265.1143,264.9877,244.77637,244.77632,265.15536,3.0918033123016357,51.63129868110021
59,320000,60.992497729222826,-262.99777,0.49964878,0.06781123,4.7656727,4.396655,3.1331959,3.1993127,260.3252,260.0265,265.297,265.22394,7.3636436,3.0977318,3.1645803,264.7833,264.76764,245.07744,244.3803,264.52457,3.057502269744873,52.696927698453266
60,325000,71.70988938929133,-255.65521,0.5025725,-0.107061245,5.316416,4.9925723,2.8693995,2.815736,252.52701,252.37079,257.73062,257.5971,5.8063054,2.8443913,2.8330405,257.3002,257.22885,238.00023,238.22314,257.28076,3.1558837890625,53.79030372699102
61,330000,66.79839211181651,-262.7678,0.4995711,-0.2576729,6.8845778,6.9664555,2.7185926,2.8129148,259.21042,259.11084,264.84528,264.74805,7.645695,2.6287162,2.7501416,264.29285,264.1712,247.15344,246.69638,264.2766,3.016944408416748,54.72525438467662
62,335000,64.14347090933764,-267.20563,0.5033578,0.10032129,4.2880335,4.2035084,3.0899453,3.012885,263.88382,263.65344,269.48828,269.27188,4.6813197,3.1461442,2.9275646,269.0024,268.77267,249.73473,249.48965,268.7384,3.0936594009399414,55.673199903965
63,340000,80.81363785239473,-263.78278,0.50251,-0.28112358,5.97906,5.979556,2.8137586,2.7935538,260.54047,260.61298,265.5877,265.9345,7.13532,2.591473,2.8576226,265.07816,265.40817,246.21103,246.44434,265.12534,3.079563617706299,56.63200211127599
64,345000,68.50964199438775,-265.5429,0.50397325,0.114925936,3.7496486,3.5493045,3.116069,3.0076795,262.46875,262.92505,267.44086,268.23755,5.644467,3.1677182,3.1507902,266.9539,267.79214,246.50954,247.14746,267.96906,3.0794496536254883,57.7118834455808
65,350000,78.29418782619292,-265.95062,0.5019181,-0.025666267,4.81244,5.1075892,2.9277005,2.954574,262.58307,262.31064,268.19696,267.82794,5.3848457,2.9627657,2.9906945,267.7684,267.3309,248.03749,247.96335,267.75052,3.0553863048553467,59.02476077079773
66,355000,69.46473937328071,-262.97638,0.5051499,0.14681251,4.0259786,4.1330433,3.198021,3.1251118,260.175,260.28384,265.0067,265.36755,7.349753,3.214984,3.1065397,264.55133,264.89853,244.22958,244.53464,264.33405,3.1292481422424316,60.43502894639969
67,360000,63.476534879266055,-258.73193,0.50667644,0.045152053,5.3898544,5.050959,2.9736948,2.9778845,255.65472,255.14041,260.98254,260.59436,6.3947306,3.0664115,2.931727,260.42776,260.08484,241.07275,240.69443,259.74988,3.1939263343811035,61.796298786004385
68,365000,65.47337031323488,-268.96613,0.5065401,-0.25936085,5.3997755,5.275635,2.7809474,2.8164432,265.3473,265.1196,270.90558,270.85614,5.8020782,2.618672,2.8114567,270.56897,270.51523,252.04877,251.75075,270.63214,3.0697708129882812,63.18325753609339
69,370000,64.01419490303213,-260.22543,0.5037928,-0.21706289,4.9208975,5.384329,2.8117728,2.9643612,257.05576,257.1676,262.02808,262.33545,5.6444044,2.6833925,3.0350986,261.68903,261.90668,242.68428,242.53816,262.20148,3.1210992336273193,64.56969328721364
70,375000,69.88846553101436,-277.60046,0.5092581,-0.044405803,5.3668146,5.427387,2.976208,3.0072927,274.4193,274.6119,279.48907,279.8205,6.263774,2.934194,3.150058,278.9546,279.26483,260.21414,259.98096,279.87317,3.075611114501953,65.96332135995229
71,380000,68.24902755838286,-266.47107,0.50874084,-0.10349075,4.9935603,5.0098433,2.8169146,2.84123,263.3941,262.75317,268.80365,268.22232,6.756854,2.8468657,2.664136,268.4404,267.84375,249.2799,248.60658,267.9431,3.1324493885040283,67.36923892100653
72,385000,63.072132674831096,-262.21466,0.5081234,-0.039824165,4.7058945,4.6283607,2.9590642,3.0532832,259.052,258.40207,264.54373,264.17126,5.6807637,2.9411783,2.9649563,264.16037,263.78027,245.97331,245.1239,263.8764,3.0475387573242188,68.63130660851796
73,390000,65.72591317035477,-271.0121,0.5099764,0.04597306,4.206112,4.0846415,3.1434312,3.20326,268.07208,267.25348,273.49756,272.96057,6.345052,3.068271,3.121632,272.9702,272.46252,252.33563,251.46725,272.1145,3.0684900283813477,70.14852013190587
74,395000,61.90156027300071,-261.36026,0.5097609,-0.032832395,5.1752186,5.0191565,2.8977304,2.9741182,258.34595,258.08826,263.48492,263.33188,6.875494,2.951274,3.0212708,262.9891,262.83615,243.53535,243.16866,262.22433,3.0711333751678467,71.68559871514638
75,400000,54.866890821159856,-261.6172,0.50991726,-0.06592816,5.227855,5.0366297,3.0507264,3.0575266,258.05185,257.54004,264.01517,263.6318,9.135412,2.9021122,2.8742728,263.48224,263.1045,244.11151,243.47694,263.83435,3.1416940689086914,72.90612725019454
76,405000,62.804224169411015,-268.0794,0.51290566,-0.014904479,4.418931,4.6102962,3.102847,3.1830747,263.74866,263.77203,269.95166,270.26685,6.0152593,2.9776766,3.3007586,269.416,269.69202,249.42859,249.88474,269.697,3.0998682975769043,73.92600472768147
77,410000,61.25184132850337,-271.58917,0.5123889,0.04786168,4.7613587,4.400305,3.1810768,3.2520652,268.9963,268.88373,273.78207,273.74567,5.0170727,3.0715773,3.2720516,273.24347,273.2434,254.37054,254.28378,273.1098,3.098008155822754,74.94168986082077
78,415000,58.730633806367,-265.26294,0.51306134,-0.13712837,5.1074142,4.7635946,2.7324464,2.6916225,261.18497,261.0904,267.24762,267.10352,4.521972,2.794521,2.520132,266.93274,266.84354,248.05461,247.81712,266.54755,3.079082489013672,76.21653872728348
79,420000,62.23729026194439,-273.65588,0.5154655,-0.010563411,4.3172636,4.6748776,3.088426,3.0935924,269.68448,269.35437,275.9937,275.70544,6.8633394,2.9840598,3.0252185,275.52112,275.1527,255.7431,255.22864,275.40497,3.1075856685638428,77.76031154791514
80,425000,63.366794796209014,-269.68765,0.51448196,0.124268346,4.7040524,4.206772,3.1311834,3.1855197,265.77188,265.79953,271.7932,272.00882,5.9565005,3.1869836,3.2583666,271.1938,271.4432,250.76425,250.54019,271.35724,3.0481951236724854,79.16474636395772
81,430000,77.08434902097017,-259.15903,0.51285213,-0.30618,6.9452477,6.6207256,2.6878839,2.6407585,256.13538,256.3025,261.0271,261.3585,5.4830112,2.5414872,2.5268333,260.50833,260.8798,243.49927,243.32277,260.2697,3.0387156009674072,80.68106071949005
82,435000,63.82531012261216,-279.04303,0.5139858,-0.054148965,3.8509126,3.8396897,3.0049486,2.9653156,275.52032,275.48334,281.12897,281.2976,6.7864566,2.9186413,3.0748482,280.772,280.93057,261.39148,261.2276,280.63376,2.9792275428771973,82.24254165887832
83,440000,64.3600909714366,-268.99084,0.510835,0.051988766,4.833443,4.633067,3.155285,3.1555438,266.0044,265.66885,271.24994,271.02774,7.619482,3.0773976,3.1703823,270.5205,270.33823,251.50491,250.67374,270.06717,3.0958168506622314,83.81605203946431
84,445000,71.06839091403235,-271.2343,0.5157967,-0.054410074,4.6704116,4.8696165,3.0240788,3.1968424,267.86258,267.12265,273.7385,273.15607,6.19423,2.9178147,2.8297508,273.19666,272.58554,253.78098,253.09859,272.43057,3.123595952987671,85.41539238293966
85,450000,66.71513474028234,-272.82562,0.5162211,0.016619697,3.7705364,4.3094378,3.0284245,3.007166,268.12335,267.7157,275.0619,274.84753,5.6564837,3.025135,2.7874436,274.67963,274.37488,255.36105,254.94444,274.5762,3.0954573154449463,87.00546404918035
86,455000,71.04146610358147,-264.8409,0.51583767,-0.07550869,5.406109,4.999752,2.9302206,2.9477842,262.10233,260.8907,267.58276,266.4886,5.295619,2.8859322,2.8477812,267.05963,266.08423,247.95523,246.53302,265.97647,3.1760993003845215,88.61777419646582
87,460000,53.836311853529786,-269.4215,0.51713413,-0.02368256,5.3518553,5.3395567,3.0148902,3.1263645,265.65744,265.1952,271.85486,271.49274,11.106697,2.9640877,3.2629929,271.30347,270.9098,251.27924,250.64423,270.15448,3.078974723815918,90.199742603302
88,465000,58.36127762443441,-267.3387,0.51735,0.062121265,5.041662,5.053818,2.9922333,3.1202774,262.9957,262.97668,269.51205,269.5391,10.33272,3.094261,3.00032,268.95172,268.95062,249.59395,249.02054,268.41937,3.0369210243225098,91.79591823418936
89,470000,70.76927807044753,-264.55466,0.51859355,0.07818229,3.9984677,3.9088995,3.1052709,3.1727033,260.95,261.41882,266.4801,267.0827,5.4870048,3.1190653,3.0670156,265.98694,266.62305,246.36377,246.51146,266.49783,3.177469253540039,93.26943295399347
90,475000,64.9704441266498,-265.36865,0.517581,0.15660886,3.2083225,3.339029,3.111113,3.1259959,262.40314,262.25824,267.52225,267.62292,6.608966,3.2377944,3.204234,267.1744,267.23315,246.73607,246.55878,266.62854,3.1001992225646973,94.81080280542373
91,480000,57.36654543722184,-267.276,0.51945215,-0.024011016,5.1776056,5.5730915,2.930667,2.7989464,263.68817,263.60193,269.39212,269.46182,7.2344985,2.9633408,2.9315727,268.88806,268.92328,250.0875,249.52237,268.2759,3.113609552383423,96.35014508962631
92,485000,53.752508454727845,-267.73404,0.5160299,-0.07374521,4.6768637,5.001217,2.7958932,2.8725514,264.69962,263.78058,270.20773,269.36722,5.793148,2.8885336,3.069628,269.91016,269.0417,251.08217,250.18079,269.1432,3.1135923862457275,97.88620820045472
93,490000,71.03230279555443,-271.61578,0.5172859,0.15250073,3.4003363,3.8028166,3.110839,3.1314054,268.40222,267.924,274.11264,273.4477,4.911034,3.2313561,3.1876626,273.80145,273.0866,253.97482,253.15262,273.42767,3.0793375968933105,99.46588665644327
94,495000,58.3280729349885,-270.03625,0.51723963,0.0023776144,3.1560333,3.1471932,3.215076,3.1686792,266.48166,266.3047,272.36176,272.2375,5.0880923,3.0036063,3.111109,271.91946,271.77954,251.12741,250.8288,271.47147,3.1311450004577637,101.02658433119456
95,500000,56.791410987167914,-271.6165,0.519331,0.04729119,4.287782,4.0621786,3.1077418,3.1240425,268.23764,267.81653,273.96597,273.67365,5.8161373,3.0721767,3.236464,273.41492,273.17627,253.57108,252.66507,273.82925,3.084343671798706,102.5995483994484
96,505000,62.11207046861621,-274.68402,0.52195483,0.0680732,4.4375424,4.285784,2.9760187,3.0736272,270.80472,270.43896,276.9843,276.5871,4.839429,3.1047,2.989871,276.50473,276.1229,257.49362,256.80453,276.3997,3.066779136657715,104.19938935438792
97,510000,55.39033361418394,-261.67227,0.5257006,0.10884214,3.9994054,3.881772,3.0863342,3.0174818,257.96967,258.05136,263.70486,263.8548,4.9797773,3.1692662,3.1889799,263.2854,263.41653,242.83841,242.41243,262.87613,3.1854896545410156,105.79551774660746
98,515000,60.20918590598326,-270.96143,0.52149445,0.007863086,3.849393,4.0883174,3.0477822,3.0387635,267.33224,267.62048,272.93695,273.35577,5.6975393,3.0120773,2.805793,272.49567,272.89313,253.37918,253.52419,272.9759,3.0622053146362305,107.41173125902812
99,520000,71.63696152608834,-264.21066,0.5250254,0.039524235,3.3041632,2.9604464,3.1555603,3.0867386,260.5027,260.8487,266.29297,266.70856,5.9032574,3.0613437,3.0285203,265.97745,266.4308,245.61441,245.62816,266.43378,3.1852798461914062,109.06182519197463
100,525000,54.45008362899022,-272.1377,0.5201416,-0.036490332,3.6452951,3.6593168,3.0659556,3.1456866,268.746,267.87256,274.8023,274.00665,5.4107485,2.9441748,3.3148186,274.40527,273.59204,254.73273,253.59387,273.45715,3.1203408241271973,110.68913754224778
101,530000,71.20331499676792,-270.1178,0.5199711,0.16131161,3.5860786,3.6820636,3.1890998,3.1576128,266.2792,266.28198,272.3557,272.32025,6.180852,3.2466607,3.3456836,271.82416,271.78903,250.6379,250.23389,271.78265,3.110161066055298,112.33684209982555
102,535000,56.95044751249484,-273.5851,0.52008456,0.19590987,3.5372045,3.5889897,3.267879,3.2796519,269.75516,270.00317,275.72772,276.08807,5.219262,3.2996645,3.0898035,275.2324,275.5935,254.67838,254.40901,275.29358,3.1218552589416504,113.9475146373113
103,540000,61.13159098050165,-266.50098,0.5250787,-0.23871991,5.7391324,5.403697,2.6507974,2.7701046,262.49945,262.72394,268.3673,268.62805,6.455781,2.629436,2.8580668,268.0481,268.37408,249.23514,249.53941,268.8901,3.0852861404418945,115.58515006303787
104,545000,63.03982562545015,-269.7433,0.5230264,0.08237697,4.593269,4.836292,2.9529858,2.939591,266.36218,266.47552,271.73444,271.97488,4.810729,3.1271007,2.9010868,271.21146,271.40405,251.65138,251.06018,271.91995,3.14018177986145,117.22153222560883
105,550000,71.2397524434053,-264.01315,0.5270953,-0.19032937,4.7170253,4.342396,2.9934738,2.9842017,260.32504,259.75812,266.56485,265.95886,7.8327107,2.702784,2.9082296,266.0298,265.4895,246.34155,245.58615,264.98053,3.175499677658081,118.92296572128932
106,555000,61.137277450050355,-266.30832,0.52679974,-0.097614855,4.883481,4.94492,2.8851652,2.9416208,261.932,262.35178,268.22223,268.56226,6.5916357,2.8476992,3.0616,267.81284,268.16644,248.26114,248.16211,268.79764,3.0895395278930664,120.5718399365743
107,560000,56.74535634060513,-268.76422,0.5247006,-0.1157615,4.9621315,4.944296,2.9340773,2.880105,264.47626,264.44202,271.0022,270.77228,6.0152373,2.8205047,2.7423353,270.49033,270.2934,250.98087,250.46667,269.7778,3.1163034439086914,122.21810000737509
108,565000,56.59362774465665,-262.73547,0.5258906,0.10195385,2.5995154,2.3954477,3.1839736,3.1883178,259.62613,259.34338,265.08987,264.83405,5.0881195,3.158643,3.137669,264.78378,264.57007,243.09332,242.84042,263.84622,3.172797203063965,123.86245131095251
109,570000,60.46402631866008,-272.3794,0.5279909,0.07717178,2.9875052,3.1666505,3.1855652,3.2024016,268.39853,268.4502,274.64246,274.58215,5.6423044,3.1208308,3.1839967,274.25696,274.1706,254.26729,253.88455,273.96503,3.0110816955566406,125.5334868868192
110,575000,53.14092548888599,-258.3712,0.52487034,0.34741572,2.8183284,2.8287444,3.3854632,3.2558153,254.63599,254.51733,260.77753,260.71606,6.5482674,3.53896,3.2546425,260.27747,260.22733,239.21417,238.94583,260.29767,3.160200357437134,127.16789293289185
111,580000,61.85095336494909,-273.41864,0.52690893,0.20035622,3.1881351,2.9040556,3.1651611,3.1002698,268.7102,268.959,275.61426,275.79248,5.932104,3.3127012,3.205177,275.2552,275.51846,254.80147,254.75409,275.1197,3.0558528900146484,128.8063184340795
112,585000,66.21965115418419,-267.13785,0.5314143,0.01568182,3.9952755,4.2250366,2.9487357,2.96894,262.23724,262.8636,269.04688,269.64,6.2474627,3.0248046,2.9820466,268.6564,269.21912,249.58324,249.85712,268.77264,3.133190393447876,130.45739396413168
113,590000,59.9508838001037,-265.77325,0.5288817,-0.0041832104,4.6580095,4.338511,3.0273058,3.0901983,261.95004,261.63287,268.06912,267.79358,5.381606,2.993433,3.1438537,267.54803,267.30127,248.87521,248.01715,266.8924,3.1449036598205566,132.08121104637783
114,595000,65.73098895853897,-266.13187,0.53001004,-0.17305957,5.77021,5.7124047,2.813244,2.8769517,262.273,261.9133,268.3748,268.09338,6.5608478,2.7274048,2.8315682,267.79333,267.522,249.91147,248.98253,267.37723,3.0054025650024414,133.6980497320493
115,600000,66.38678809176415,-268.58664,0.5281553,-0.08230447,3.3693807,3.611495,3.0295048,3.033504,264.75742,265.22678,270.57,271.0428,6.1465025,2.87107,2.956535,270.32907,270.77878,251.68243,251.6553,270.63086,3.1617093086242676,135.30759628216427
116,605000,71.93779852153592,-266.35516,0.52869993,0.012547288,3.3730674,3.3982296,2.989744,2.9543343,261.65402,261.72818,268.30542,268.60315,5.120557,3.0196872,2.9833436,268.00702,268.29712,248.89075,248.62027,268.1728,3.0589599609375,137.1366529663404
117,610000,64.39644457069564,-266.5666,0.5262676,-0.013822698,4.5176563,4.1621437,3.0858426,3.0241349,262.2929,262.28833,268.62024,268.823,4.971136,2.9784675,3.1482685,268.0207,268.28528,249.07516,248.5037,268.47864,3.147057056427002,139.02434207995734
118,615000,60.16893656948737,-267.68777,0.5298853,0.047069456,5.1396055,5.0179796,3.0346878,3.0951533,263.788,263.66553,269.84668,269.85306,6.830961,3.074114,3.223924,269.18463,269.1577,249.26816,249.10774,269.08777,3.100403308868408,140.84495233694713
119,620000,57.24395655878961,-262.25464,0.5315199,0.07519932,3.7055287,3.570413,3.033985,3.1385832,258.1903,258.38394,264.3298,264.39526,5.4124694,3.1189833,3.2059736,263.9112,264.0121,244.31453,243.62553,263.93298,3.2030012607574463,142.4766488313675
120,625000,54.015724584798456,-267.74698,0.5288546,-0.0063420907,4.3970346,4.0724087,3.1190252,3.120416,262.45813,262.02863,269.94092,270.179,7.357261,2.9900446,3.2017639,269.2973,269.5406,249.1991,248.47662,269.68097,3.172837495803833,144.07230598926543
121,630000,61.07103842128141,-274.01215,0.5339875,0.06850633,3.01455,2.7788346,3.115003,3.0065372,269.05328,269.7334,275.9516,276.71155,5.347021,3.1091938,3.1439466,275.55487,276.38245,255.48094,255.22043,276.30643,3.085296630859375,145.7433918952942
122,635000,67.95422081166592,-273.04272,0.53279686,-0.0064596534,4.1382504,4.4808846,3.038753,3.1859207,268.7173,268.68732,275.0093,275.3077,6.4533043,2.9897404,3.2149348,274.54263,274.7544,253.92957,253.36038,274.57703,3.148049831390381,147.4805305282275
123,640000,73.16831556672938,-259.56735,0.5332129,-0.0050517023,3.150342,3.2645187,2.9701366,3.1086845,255.14627,255.33276,261.55344,261.87427,4.733009,2.9919667,2.9036114,261.23715,261.54645,240.40349,240.54568,261.0381,3.1555449962615967,149.10641030867893
124,645000,59.82134552057312,-267.85217,0.5332654,-0.014588326,4.605915,4.6032276,2.918554,2.9066873,264.6772,264.40872,270.17975,269.93936,5.30306,2.9767973,2.848788,269.75867,269.5125,249.9455,248.7157,269.80084,3.0247130393981934,150.73023697137833
125,650000,66.31927383587346,-268.5217,0.53518057,0.051506102,3.1381173,3.1384559,3.1408536,3.1149955,264.8274,264.72278,270.6922,270.87637,6.000972,3.0823898,3.0467424,270.30035,270.47214,249.5014,249.28499,270.13812,3.157953977584839,152.3699355840683
126,655000,69.21072898060805,-268.52994,0.5361424,0.017087514,3.291977,3.5004265,2.9988828,2.945477,264.91345,264.75983,270.7941,270.63342,5.726042,3.0274122,2.8170366,270.4974,270.29636,251.08589,250.44807,270.2981,3.0648841857910156,154.02151250839233
127,660000,69.00069610441987,-260.76077,0.5322766,-0.11215783,4.5509667,3.8245578,2.8997478,2.9326267,257.31985,256.79523,263.0056,262.69916,4.964761,2.8221388,2.9814444,262.5404,262.33453,243.40244,242.30402,262.76453,3.160527229309082,155.6793436050415
128,665000,54.905952559288096,-273.96216,0.53315073,0.04810681,4.8450623,4.445652,3.0265207,3.0446157,270.6868,270.825,275.99127,276.2688,7.1949635,3.0764875,2.8572176,275.48096,275.76755,255.84103,255.53922,274.99646,3.0508759021759033,157.32574360370637
129,670000,65.45925705164936,-275.21375,0.5388059,0.09149088,4.188391,4.0987487,3.0951614,3.0380871,271.5604,271.0389,277.61536,277.29517,7.4197755,3.1479478,3.1343555,277.10834,276.78815,256.33017,255.3839,278.07156,3.0833983421325684,159.00128298600515
130,675000,53.82117103157948,-268.00574,0.5369862,-0.0072621033,5.0347476,4.7055845,2.9675043,2.9126399,264.58136,264.5957,270.0381,270.2216,5.5140967,2.9883204,2.8901715,269.4513,269.67215,249.99753,249.348,268.8553,3.0260977745056152,160.66475666761397
131,680000,58.867804559265956,-272.4851,0.53561777,0.11306751,3.0639372,2.7522638,3.261773,3.1827116,268.37808,268.07623,274.8791,274.77045,7.806134,3.1811008,3.221944,274.35272,274.30664,254.07507,253.49316,274.79846,3.0776124000549316,162.3410126845042
132,685000,60.16398564286841,-270.8518,0.5354962,-0.11905313,6.101733,6.036485,2.830934,2.844861,267.0154,266.68225,273.08734,272.75262,6.2134686,2.8093812,2.9139795,272.47205,272.11273,253.99142,252.94801,272.38855,3.0594754219055176,164.02902404467264
133,690000,67.82736168854187,-272.35687,0.5366029,-0.003853701,3.6065083,3.4575756,3.0223022,3.1159737,267.98407,268.03256,274.4966,274.57556,5.0915136,2.9938092,3.1014085,274.04126,274.14417,254.38779,253.98697,273.82828,3.0918593406677246,165.61757952372233
134,695000,56.70300196116669,-260.90665,0.54138285,-0.22637409,6.425565,6.176075,2.5562234,2.6672933,257.11053,256.96088,262.85797,262.8673,5.0759535,2.6310892,2.7125158,262.44934,262.50107,245.08475,244.58728,262.19577,3.082202911376953,166.94592438538868
135,700000,53.441892700931405,-270.6172,0.5374885,0.0804859,3.7573905,3.737132,3.134358,3.1258216,266.1587,265.97665,272.7617,272.90802,4.9028277,3.1296387,3.1761284,272.2416,272.394,251.40979,250.84767,272.5845,3.1984431743621826,168.2777195572853
136,705000,72.26662009157985,-273.8228,0.53369546,-0.016708259,3.772235,4.0462723,3.0315866,2.9989986,269.47815,269.62592,275.82715,276.05493,4.7143497,2.9733915,3.0054746,275.43314,275.61758,255.10504,255.12753,275.23892,3.1050405502319336,169.61043022076288
137,710000,65.42682930107452,-265.77383,0.53820556,-0.02016209,4.7909884,4.8388567,3.0063891,2.9180655,262.34647,262.13528,268.15112,267.8731,6.654922,2.967455,2.9355533,267.55396,267.25125,248.50735,247.92334,267.6812,3.091139316558838,170.94166822830837
138,715000,63.16920771790737,-270.66888,0.53725034,0.072606206,3.2488284,3.421489,3.2067957,3.0768788,266.33228,265.9456,273.0621,272.87732,5.9235945,3.1168635,2.9407992,272.54663,272.32794,252.38144,251.50659,272.65656,3.162013530731201,172.31570901870728
139,720000,68.32818085720149,-260.90942,0.53910166,-0.009784544,4.3855143,4.1601925,2.999369,3.0323224,257.03076,257.13458,263.06943,263.17816,9.068571,2.9841638,2.991195,262.49506,262.62967,242.52411,242.13828,262.3149,3.1181206703186035,173.70024126768112
140,725000,61.64818475437981,-271.24823,0.53826755,0.051873047,4.448541,4.2057743,3.138445,3.0896974,267.71283,267.76013,273.50534,273.43842,7.4762607,3.0837471,3.047647,272.81665,272.81528,252.62146,252.49898,272.28946,3.050107955932617,175.84589467843372
141,730000,59.71113106593135,-263.7856,0.5412524,-0.021506965,5.1739936,4.773474,3.0095825,2.9961224,260.2143,260.2536,265.9099,265.97507,6.096596,2.9649649,2.9329371,265.20197,265.32672,246.48254,246.24602,265.2453,3.070648670196533,178.0039492925008
142,735000,59.54752593381559,-268.29547,0.5394909,0.14309302,3.32129,2.9704807,3.1427743,2.9922364,264.35013,264.03638,270.65027,270.4008,6.658772,3.2318687,2.946178,270.19427,270.02667,249.36035,248.6639,270.66522,3.0711448192596436,180.1368241786957
143,740000,66.17605654652812,-262.94394,0.54125816,-0.08577119,5.727251,5.5319843,2.8962545,2.7788908,259.77,259.91443,264.97858,265.1308,4.924947,2.8602757,2.9185715,264.39288,264.58078,245.19707,244.70825,264.397,3.121065616607666,182.19241377909978
144,745000,64.41708232043779,-274.4162,0.5376106,0.043808997,3.8202028,3.6684754,3.0756145,3.020681,269.67273,269.65607,276.72534,276.71713,8.0221,3.070589,3.118492,276.29996,276.2588,255.55334,254.63808,275.6999,3.111726760864258,184.2447825749715
145,750000,57.73199021267612,-266.86224,0.5427452,0.07828209,4.4892673,3.985848,3.0329964,2.9585795,262.5073,262.83203,268.84702,269.22092,5.323316,3.128097,2.9178119,268.37665,268.76718,249.60466,249.42508,268.53424,3.1655526161193848,186.25656736691792
146,755000,57.40905925921535,-264.29785,0.54167026,-0.1265642,4.4321713,4.8834124,2.7785485,2.8978982,260.4665,259.9949,266.4508,266.10916,5.588228,2.7935662,2.7594888,266.21344,265.76645,247.82391,246.6348,266.9139,3.174384593963623,188.30365949471792
147,760000,66.35142278583498,-257.28494,0.5389008,-0.095843814,5.7154775,5.1695995,2.8998153,2.8103156,253.53201,253.51743,259.38693,259.5606,5.2118454,2.8449693,2.731768,258.6971,258.9444,240.15875,239.60194,259.3515,3.163844585418701,190.36090878645578
148,765000,59.85665799577241,-272.58746,0.5395116,0.05010774,4.5812116,4.7218904,2.9976416,2.9424577,267.3557,267.53003,274.6073,274.8059,6.0704966,3.0812,2.8573017,273.9956,274.19812,253.96225,253.88821,274.48596,3.0276336669921875,192.3948000907898
149,770000,61.28130920193395,-278.49948,0.5403051,-0.038956277,4.474924,4.2800074,2.9072127,2.8960738,274.15863,273.7574,280.80603,280.5241,4.4700966,2.9367204,2.7718604,280.32104,280.07022,259.92004,259.19928,280.47418,2.9895880222320557,194.42088592847188
150,775000,66.97042419812911,-271.96344,0.5423332,0.040811107,2.7931485,2.900036,3.2342696,3.1882784,268.50104,268.45892,274.23236,274.27078,5.217003,3.0666986,3.087209,273.90033,273.9216,253.51653,252.60492,274.02625,3.0923733711242676,196.46903457641602
151,780000,63.516130755139564,-273.1042,0.5400224,0.11475813,3.1341648,3.3212147,3.1297138,3.124755,268.31967,268.40436,275.19516,275.42865,6.845278,3.186252,3.158161,274.75275,274.93323,254.27585,253.79643,275.80316,3.08833646774292,198.5946939746539
152,785000,66.62855878982108,-274.8581,0.53954166,-0.038150564,4.6172743,4.4201937,2.9552279,2.9163117,270.66223,270.24432,277.16388,276.81183,4.8418016,2.9381714,2.7468138,276.77155,276.4788,256.32892,255.1147,276.50153,3.173992156982422,200.73600269556044
153,790000,64.37852565023572,-266.331,0.5422029,0.03828522,4.3009324,3.7815647,2.9905813,3.0023544,262.24426,262.0225,268.48508,268.38293,7.052619,3.0625458,2.9115415,268.04974,267.9856,247.52182,246.76305,268.39777,3.1039609909057617,202.793389693896
154,795000,56.730338962938745,-268.52936,0.5407009,0.09350898,3.699812,3.4793265,3.091258,3.0635931,264.66986,264.7671,270.74023,270.85065,5.6544294,3.1520743,3.0815666,270.26346,270.4132,249.56236,249.20013,270.31656,3.0659890174865723,204.94209250211716
155,800000,65.99739563045867,-272.4586,0.5413771,0.10552882,3.1580186,3.1790767,3.1108465,3.1085148,268.41882,268.0279,274.85205,274.674,4.093299,3.1719718,3.2321572,274.51932,274.34946,254.6362,254.0882,274.60596,3.02457332611084,207.02263558308283
156,805000,57.36460330223262,-275.7841,0.54465526,0.10256907,2.9068587,3.0997057,3.0632463,3.196356,271.37598,270.956,278.06714,277.80334,5.5925875,3.1688097,3.0560226,277.7378,277.3921,257.06677,256.17017,277.3958,3.07623291015625,209.19501744906108
157,810000,60.258726124474414,-273.4897,0.5454552,0.0775734,3.412315,3.4600525,2.9948707,2.9000573,270.10663,270.04083,275.6819,275.61377,5.262862,3.1279805,2.9001453,275.3125,275.27924,255.28612,254.56937,275.41443,3.0137133598327637,211.28622763156892
158,815000,69.13901604762991,-273.97052,0.5437699,0.07131527,2.9199975,2.6759772,3.0675182,3.1433706,269.65253,269.3912,276.27863,275.9806,4.7087755,3.1170583,3.168725,275.94495,275.70477,256.10098,255.33919,275.0976,3.01961088180542,213.41280036767324
159,820000,66.25160192899048,-272.09943,0.5403213,-0.015624091,4.2165403,4.4466,3.001667,2.907852,266.97784,267.02948,274.1907,274.18707,5.2050385,2.9746194,2.9524665,273.66333,273.62463,252.41287,251.88069,273.79822,3.075562000274658,215.66629791259766
160,825000,57.51838696565571,-266.80145,0.54442286,-0.12786335,5.735157,5.357527,2.932382,2.7808518,263.00708,262.85614,268.93076,268.99054,6.7777867,2.7897086,2.76711,268.2742,268.4097,248.98895,248.34718,268.13312,3.1117401123046875,217.91625433365505
161,830000,58.726920563166715,-267.90356,0.542116,-0.07989998,4.3544183,4.1793613,2.9698067,2.8720627,263.0752,262.91235,269.9965,270.0184,5.486444,2.869503,2.9393823,269.57095,269.57407,249.22725,249.10522,269.82504,3.088487148284912,220.18179839054744
162,835000,63.11524289863881,-272.50574,0.5458396,-0.042342436,4.127935,4.055468,2.9519,2.988337,268.0335,267.32507,274.93835,274.46246,5.718586,2.9300623,2.9685905,274.4797,273.99786,254.14389,252.72885,273.88797,3.071044683456421,222.32238034407297
163,840000,60.5556410280092,-266.9374,0.54424614,-0.101908356,5.3659925,5.3600073,2.7968137,2.7965417,263.2463,263.14496,269.02817,268.90222,5.7439647,2.8324852,2.8526196,268.48535,268.38428,249.70477,249.03822,268.96426,3.004518985748291,224.47486267487207
164,845000,67.92233895941546,-276.47144,0.54572886,0.10675643,3.964511,3.5255497,3.1227813,3.1067653,272.56732,272.19818,278.812,278.55316,4.025084,3.1762724,3.2392468,278.2342,278.07266,258.33444,257.2588,278.14847,3.178379774093628,226.785658454895
165,850000,67.95191298149352,-274.76233,0.5425063,-0.113501355,4.3995733,4.124321,2.8929977,3.025662,268.99158,269.40967,276.6325,277.17767,4.5021257,2.8144054,2.8659563,276.14246,276.74506,256.17273,256.0188,276.79236,3.1137657165527344,229.12156425317127
166,855000,63.05713866616034,-270.92184,0.54516035,0.028084606,2.9862196,3.1479654,3.046287,3.0493689,266.0321,266.5417,272.8675,273.48105,5.980626,3.0462928,2.919509,272.58975,273.11084,252.75978,252.97668,272.57684,3.064279317855835,231.48273373444874
167,860000,64.99901241979791,-263.85855,0.5435725,-0.04752103,5.1011276,4.8850164,2.9081838,2.8739743,260.02115,259.9082,265.94708,266.0288,6.0660114,2.9220445,2.9971614,265.5007,265.55786,246.33214,245.64877,265.03174,3.074186325073242,233.83974798520407
168,865000,73.25125795271164,-266.97498,0.5480494,0.21766967,3.752464,3.684483,3.0008986,3.08484,262.41138,262.5301,269.05536,269.3979,6.0093236,3.3619442,3.0389028,268.63593,268.9813,248.89908,248.55731,268.97824,3.1586127281188965,236.18836581707
169,870000,61.827829544426315,-272.9362,0.5482142,0.030542977,3.989314,3.4092958,3.1111374,3.204168,269.13718,268.50613,275.4707,274.9651,6.005072,3.0508127,3.1796923,274.87177,274.4828,253.51051,252.3684,275.44543,3.163787603378296,238.49988657633463
170,875000,68.81442501033226,-272.4042,0.5469957,0.0637798,4.2162776,4.2455444,2.9568493,3.047065,267.95105,267.91907,274.39578,274.4828,5.8860726,3.1057155,2.9714942,273.88882,273.93387,253.1024,252.4258,273.5236,3.057614803314209,240.8844893058141
171,880000,62.198639529608066,-271.38245,0.5451109,0.066635616,3.6171148,3.555098,3.059995,3.0326266,267.06696,266.74463,273.55634,273.4818,4.024779,3.1098208,3.0571105,273.14032,273.06732,254.01172,253.29094,272.94476,3.073843479156494,243.26564668814342
172,885000,57.79408100208335,-273.9431,0.5456527,0.13782096,3.5332694,3.2056139,3.0700607,3.111244,269.28857,269.9165,276.0121,276.435,5.3345537,3.2275126,3.0976422,275.51678,276.02426,254.8658,254.76334,275.98285,3.06168270111084,245.62121731042862
173,890000,62.14135760368171,-276.46368,0.54755455,0.04378873,3.8216796,4.0102262,3.0169053,3.0236511,272.49292,273.25705,278.32733,279.08063,4.437584,3.0727034,3.0375297,277.8413,278.62665,257.46307,257.82208,278.23962,3.059324026107788,247.9865589062373
174,895000,57.82832832919777,-271.06915,0.54780143,-0.019353049,3.8394716,4.1582184,3.0788565,3.0079193,267.105,267.25952,273.2396,273.2765,3.9997635,2.9678438,2.9611392,272.72702,272.7421,252.8294,252.10193,272.61212,3.0552220344543457,250.37834556500118
175,900000,56.801713747381086,-278.4749,0.5472601,0.11828103,2.6225193,2.6068385,3.1910162,3.2075727,273.73816,273.63782,280.8003,280.7534,8.125924,3.1962092,3.037716,280.37912,280.34723,259.68457,258.94043,281.38098,3.00435471534729,252.77387547095617
176,905000,67.51215032500082,-270.66125,0.5482578,0.021989264,4.5820436,4.522146,3.01513,3.133924,265.89905,265.73663,272.7624,272.9817,6.2124376,3.036587,3.2602851,272.09024,272.32587,251.34326,251.11624,272.78094,3.020644187927246,255.16295068661373
177,910000,61.114185275930765,-269.2116,0.54822445,-0.064633325,4.5277324,4.519306,3.0360904,3.020661,264.07703,264.90958,271.16516,271.8933,5.4062243,2.8924694,3.0021427,270.58948,271.3436,251.3882,251.77551,271.02795,3.086757183074951,257.5358979622523
178,915000,72.0721957578144,-272.36514,0.54285866,0.04233282,3.4974272,3.5803034,3.0678022,3.0898883,268.25262,268.02106,274.8107,274.37396,3.9995437,3.0692952,3.0357563,274.43353,273.98114,253.76218,252.90681,274.2503,3.1668410301208496,259.9263281782468
179,920000,61.36010718368833,-265.56308,0.5461988,0.01587721,5.2129207,5.212982,2.8464117,2.8119006,261.00848,260.84363,267.7431,267.67233,5.854995,3.0262532,2.7164087,267.1596,267.0974,247.93353,247.54196,266.6348,3.127272844314575,262.3245437979698
180,925000,54.98660898647083,-273.24152,0.55172443,0.0049150027,4.150901,3.8442187,3.0628004,3.0733964,268.7227,268.55264,275.4609,275.3531,7.756132,3.0082648,3.0234323,274.85754,274.81342,255.05814,254.38239,274.5387,3.0448379516601562,264.72793475389483
181,930000,59.35749264884288,-262.77805,0.55244976,0.09311289,3.7764564,3.3121233,3.0890384,3.076155,258.649,258.62665,264.8905,265.05048,6.521083,3.1569161,3.0404787,264.44977,264.64438,242.93484,242.74338,264.51593,3.169252634048462,267.1398808161418
182,935000,66.13829765968858,-271.2915,0.55073684,0.09167129,3.8605824,3.4683995,3.1474504,3.1732223,268.01263,267.5586,273.6675,273.43524,5.8281927,3.1536822,3.126796,273.07916,272.9151,253.27513,252.34695,273.6432,3.0749154090881348,269.55432430505755
183,940000,55.88482166549284,-267.88266,0.5450116,0.0106257945,4.3976545,4.275731,2.9940233,2.9754105,263.659,264.1043,269.7816,270.17932,6.10707,3.017507,3.0803757,269.29413,269.70953,249.6478,249.40152,269.60843,3.0665743350982666,271.94593606392544
184,945000,66.41111322757047,-272.00073,0.5515837,0.1344605,2.749,2.9163299,3.2355423,3.137749,268.40994,268.10916,274.39905,274.2685,4.6624155,3.2259986,3.258359,273.97247,273.81842,252.8876,252.42006,273.32828,3.087129592895508,274.37093033790586
185,950000,68.0900723880462,-270.034,0.54967976,0.02718557,3.8732834,4.043389,2.8629684,2.906945,266.34595,266.62158,271.977,272.1456,5.0318623,3.0454288,2.993187,271.5985,271.70178,252.14471,252.32497,270.99243,3.0761117935180664,276.79474335511526
186,952500,70.8279671651757,-274.21747,0.5484884,0.029833302,2.5022132,2.2972903,3.1978884,3.2914,269.76706,270.54218,276.2352,276.9406,5.8179865,3.0496733,3.3815744,275.7691,276.55396,253.621,254.088,276.18152,3.0161404609680176,278.05516233841576
187,955000,49.711618935277286,-266.23987,0.5482634,0.0010720091,4.3389688,4.6130304,3.0470989,3.1676557,263.09903,262.92944,268.51215,268.4382,5.22431,3.0017838,3.0428584,267.97125,267.85107,247.95619,247.58319,267.66324,3.158963441848755,279.2777775446574
188,957500,55.83197786996554,-274.8449,0.5480992,-0.03024495,3.6064758,3.5282135,3.0227723,2.9546237,271.72595,271.5973,277.1941,276.94592,4.5028033,2.9497006,2.941667,276.9071,276.68268,256.4065,255.41087,276.3877,3.0317046642303467,280.51681398948034
189,960000,62.75573019580237,-258.20755,0.54813737,-0.08066212,4.911458,5.0190344,2.927213,3.0751176,254.06909,254.0686,260.16034,260.4855,7.38074,2.865838,2.9203658,259.6273,259.94882,240.4967,240.24957,259.91473,3.0984177589416504,281.77216851711273
190,962500,62.38773285361579,-273.22504,0.5501137,0.20457205,3.3177996,3.58584,3.1442156,3.2079391,269.12708,269.24152,275.39658,275.71027,5.4246464,3.3423052,3.2193675,275.0194,275.26465,254.74142,254.64174,275.0346,3.086644411087036,283.06063361962634
191,965000,59.03122225021023,-278.70776,0.55077,0.032730445,3.409146,3.3211832,3.078773,3.1767678,273.66418,273.9491,280.7047,281.07562,6.2649045,3.0548766,3.3237238,280.25006,280.61047,259.29077,258.82056,280.66138,3.0516183376312256,284.41961675484976
192,967500,72.06469118007213,-268.54797,0.5493422,-0.121736676,3.5680904,3.4138885,2.9105093,2.9136283,264.41864,264.288,270.69513,270.59744,6.671546,2.7967782,2.8049738,270.32184,270.29584,249.95062,249.60701,269.43774,3.0705032348632812,285.69767525990807
193,970000,67.1558799964258,-265.0581,0.54948163,-0.027795255,3.5512,3.488794,3.02778,3.0559978,260.54333,260.6997,267.2212,267.29388,5.0437665,2.9535801,3.1695364,266.78372,266.85498,246.42224,246.08012,266.7346,3.1373257637023926,286.9649200995763
194,972500,51.43703884857138,-269.40668,0.55122036,0.23190516,2.68508,2.6400626,3.212844,3.225289,265.1293,264.38013,272.1161,271.52997,7.5766773,3.3893504,3.2559197,271.71564,271.1142,250.59297,249.23268,271.8813,3.1646056175231934,288.25290217399595
195,975000,66.15555775483311,-271.4069,0.54843444,-0.018456355,3.1402516,2.9230328,3.227629,3.1113386,266.2624,265.88477,273.82962,273.5822,5.7475114,2.9692745,3.0585184,273.348,273.12088,253.32993,252.5447,272.93854,3.1367030143737793,289.6139421304067
196,977500,62.72702426817983,-267.83286,0.55234903,-0.018097624,3.865138,3.557864,3.0263982,3.0734234,263.78137,263.80554,270.06735,270.05402,6.7907476,2.9695108,3.0435543,269.54877,269.6014,249.51646,249.03384,269.07062,3.143566608428955,290.8711923758189
197,980000,56.85215309698701,-273.76474,0.55040187,-0.11363665,4.9451647,5.2072687,2.8905716,2.9887285,268.74908,268.96207,275.9812,275.93103,8.127462,2.8096879,2.946775,275.42227,275.33475,255.64413,255.57089,276.36948,2.993471622467041,292.1198697845141
198,982500,61.89727204573535,-268.602,0.5502649,0.12816632,3.474473,3.6706967,3.0751126,3.1071408,264.41815,263.9232,271.1078,270.65894,5.6113796,3.2145562,3.0367742,270.60114,270.12488,249.6775,248.65765,270.97174,3.1843011379241943,293.4390440662702
199,985000,61.91354762340694,-269.36124,0.55039066,-0.105821416,3.4551082,3.5773656,3.0132575,2.8699098,264.89172,264.42505,271.64648,271.32562,4.919582,2.8227825,2.6992464,271.21448,270.8883,250.86732,250.2521,271.0029,3.046907424926758,294.79075108369193
200,987500,61.82192056875536,-279.76642,0.5442185,0.09832167,3.2608776,3.4484732,3.0438027,3.1833067,275.26086,275.9956,281.70947,282.4552,6.3671746,3.1616058,3.170188,281.32025,282.04404,260.57916,260.99945,281.41266,3.0409107208251953,296.0561756849289
201,990000,62.89330425058517,-274.20154,0.5513909,0.10720816,3.3444054,3.2037482,3.1270254,3.1321976,269.81842,269.6057,276.63434,276.46957,5.1703863,3.1800876,3.3302178,276.16763,275.97314,255.34848,254.26947,275.7705,3.0058605670928955,297.3682728846868
202,992500,55.96037664643785,-258.85532,0.5494918,-0.0747306,5.203419,4.971221,2.783474,2.804587,254.1694,253.92004,261.06595,260.7567,5.7526207,2.8751917,2.7239575,260.56415,260.28964,241.86179,241.08981,260.5743,3.242316246032715,298.72553182840346
203,995000,72.17841793054257,-268.82104,0.5546806,-0.09133655,4.4001713,4.4006624,2.801746,2.8237522,264.0981,263.72772,271.10422,270.76877,3.9388273,2.845025,2.9127614,270.68118,270.36362,250.42657,249.68527,270.89948,3.1879873275756836,300.012784810861
204,997500,56.775713361755756,-272.13715,0.5512356,0.10968722,2.69524,2.8446047,3.1885092,3.206335,267.3672,267.35925,274.4616,274.43695,4.914155,3.1841648,3.0482874,273.99252,273.95734,252.6355,252.28065,274.3911,3.130035400390625,301.3849386294683
205,1000000,69.6815852066061,-269.29233,0.54906535,0.1761407,4.117674,4.000498,3.1392426,3.1052544,264.7538,265.24872,271.30524,271.97375,5.4469943,3.2937942,2.9493062,270.72012,271.40204,250.50409,250.67682,271.10605,3.1089229583740234,302.676950220267
