,step,reward,actor_loss,alpha,alpha_loss,cql1_loss,cql2_loss,cql_concat_q1_avg,cql_concat_q1_max,cql_concat_q1_min,cql_concat_q2_avg,cql_concat_q2_max,cql_concat_q2_min,cql_logp,cql_logp_next_action,cql_next_q1,cql_next_q2,cql_q1,cql_q2,critic_loss,logp,logp_next_action,q1,q2,random_q1,random_q2,sampled_q,target_q,batch_rewards,batch_rewards_min,batch_rewards_max,batch_discounts,batch_obs,time
0,0,1.581033935243455,,,,,,,,,,,,,,,,,,,,,,,,,,,,,,,,
1,30000,6.5930962866375165,-39.696327,0.25710082,-3.8777962,220.28555,220.0032,39.59849,42.514977,36.16279,39.555283,42.453632,36.144455,0.13743638,0.37795508,39.954315,39.881508,40.009132,39.957405,2.2124672,0.14508335,0.3842369,37.17444,37.168865,37.26796,37.26289,39.733635,36.72198,1.0567123889923096,-0.7467912435531616,3.356757164001465,0.96484375,7.495976448059082,0.42554513613382977
2,35000,10.884093839722077,-85.52249,0.10144626,-0.69059885,446.01407,448.56702,83.45579,87.95708,76.873856,83.882195,88.50938,77.2113,2.6334813,2.950048,85.99763,86.3535,86.17075,86.606064,10.631201,2.6981947,2.9048107,81.40322,81.93104,81.70304,82.191086,85.79622,81.27739,1.1598862409591675,-0.34258556365966797,3.8200182914733887,0.9765625,8.108890533447266,0.7715858578681946
3,40000,9.72675477542675,-126.84527,0.09691492,-1.3495001,657.5288,655.8882,124.88861,130.40538,115.98692,124.53962,130.06383,115.48868,2.4644692,2.8151636,127.83668,127.34633,128.18144,127.80173,18.679232,2.4217887,2.8976967,121.30261,121.23034,121.84787,121.670975,127.07999,121.159035,1.484682559967041,-0.7815327048301697,4.231316089630127,0.9609375,8.482616424560547,1.1277339458465576
4,45000,11.621011595996741,-151.49155,0.089114666,-0.23515597,782.6638,777.8773,149.62244,155.47177,140.05806,148.66742,154.54642,139.34299,2.9636228,3.0601923,153.22134,152.0073,153.62372,152.42355,11.979271,2.902741,3.0248303,146.80511,146.30798,145.96663,145.51578,151.75021,146.62836,1.5930039882659912,-0.3718361258506775,4.584214687347412,0.98046875,9.441448211669922,1.4804461598396301
5,50000,11.328593847189751,-175.76614,0.12720563,0.04261309,909.4906,898.6094,174.72363,180.93727,163.90465,172.78146,178.70242,162.16269,2.937719,3.1163712,178.21191,176.31424,178.72084,176.5999,13.345707,3.0206664,3.0657403,170.84154,168.93652,171.2128,169.40488,176.15039,170.44159,1.5276278257369995,-0.3238721191883087,4.479942798614502,0.9609375,9.03245735168457,1.8411938707033793
6,55000,11.713183457323154,-181.47171,0.105016105,0.07055336,930.3152,932.7312,178.58414,185.09396,166.42563,179.11725,185.51016,167.02121,3.1144817,3.2139564,182.19778,182.86888,182.65335,183.23741,27.310322,3.0313063,3.193386,176.48889,176.80147,175.15025,175.49442,181.79005,177.0944,1.632714867591858,-0.6767874956130981,4.242444038391113,0.96875,9.520282745361328,2.217968503634135
7,60000,9.917039784352921,-185.80273,0.12001251,0.5050642,951.7251,955.6449,183.18782,189.40274,169.47011,184.10402,190.15417,170.3555,2.8613038,3.2390935,186.7332,187.53925,187.06274,187.86179,33.48194,3.23822,3.1027994,180.29092,180.92603,179.78845,180.93195,186.19135,179.60997,1.80893874168396,0.03799368441104889,4.519132137298584,0.9765625,10.154829025268555,2.595891773700714
8,65000,16.018530137096793,-189.2059,0.11367076,0.32329184,970.2549,967.1716,186.07443,193.08395,173.64484,185.6549,192.43571,173.55139,3.0926256,3.4573455,190.53761,190.17372,191.13979,190.6146,43.030994,3.1486776,3.4428964,180.99382,180.4903,181.01642,180.64696,189.5638,181.11978,1.8313008546829224,-0.14962272346019745,4.623621463775635,0.9765625,9.828215599060059,2.9861223101615906
9,70000,21.17814553749973,-186.73328,0.10183073,-0.6320569,960.20044,956.8403,185.09586,190.99715,175.00348,184.2963,190.3529,174.7197,2.895805,3.352374,188.34717,187.356,188.55798,187.78748,16.330551,2.7233212,3.3256428,184.10507,182.98013,182.55109,181.91412,187.01059,183.91324,1.903509259223938,-0.24827973544597626,4.409806728363037,0.96875,10.049245834350586,3.3871588031450908
10,75000,14.831714554200106,-184.96022,0.098277576,0.061754584,946.4052,951.5554,182.4322,188.21175,172.54196,183.23685,189.33655,173.73239,3.0885327,3.3047643,185.73672,186.20844,186.07811,186.93427,79.901985,3.026619,3.2259393,180.13593,181.02231,179.7956,180.88168,185.25766,180.18924,1.85878586769104,-0.39242956042289734,5.0781779289245605,0.96875,10.221248626708984,3.7916881879170736
11,80000,22.689614692129165,-178.57112,0.090667,-0.7527865,917.89636,914.4939,177.09735,182.48895,168.27878,176.33588,181.84604,167.3861,2.7497895,3.1036246,179.99799,179.26443,180.38452,179.63235,8.7116785,2.6864123,2.9630613,174.68314,174.09035,174.6835,173.8848,178.81468,174.24219,2.1074295043945312,-0.0955987498164177,5.841829776763916,0.98046875,11.444781303405762,4.208875254789988
12,85000,26.48449549992685,-183.08699,0.088396005,0.42909545,938.5305,938.0353,180.73938,186.61418,171.66924,180.64711,186.55386,171.6417,3.2659588,3.2955666,183.99802,183.85309,184.89438,184.39066,16.445005,3.176879,3.3487175,179.81062,179.5394,177.80777,178.17964,183.36781,180.03873,2.1970272064208984,-0.0036420701071619987,5.42930269241333,0.97265625,11.802522659301758,4.6348035852114355
13,90000,44.153390890367234,-191.28357,0.10051195,-0.64283276,982.03064,977.885,189.94092,195.41148,181.44363,189.31406,194.55725,182.16928,2.7644134,2.653036,192.62547,191.94177,193.01065,192.18967,14.126545,2.7202005,2.813518,189.30371,188.68149,187.52463,187.14871,191.55698,189.91954,2.1404433250427246,0.0726943388581276,5.616960525512695,0.984375,11.32356071472168,5.086658350626627
14,95000,40.64667515946858,-200.00285,0.09660149,0.7684226,1020.6897,1023.6688,196.93933,203.02281,186.37595,197.40608,203.68773,187.34619,3.2991638,3.2909174,200.88866,201.3994,201.2215,201.65604,17.486305,3.3287845,3.3712313,194.02783,194.5664,193.2185,193.67342,200.32443,194.44751,2.0961108207702637,-0.6886109709739685,4.744287967681885,0.9765625,11.298271179199219,5.541141867637634
15,100000,85.86568026114804,-205.3782,0.08353638,0.15514183,1053.3528,1047.8589,203.16649,209.60556,190.68936,202.09856,208.44002,188.98807,3.0315313,3.2059076,206.87682,205.94812,207.22427,206.25682,20.133743,3.0624948,3.3597324,200.26218,199.50816,199.5564,198.2487,205.63403,200.34035,2.0225110054016113,-0.6537769436836243,5.342859745025635,0.984375,10.821488380432129,6.032211744785309
16,105000,27.502010743831846,-206.57333,0.086311094,-1.0942577,1054.8455,1059.7354,204.67598,209.8099,196.81557,205.40968,210.84015,197.38994,2.6259823,2.7103684,207.26859,208.13618,207.53375,208.45633,14.124514,2.553327,2.6977172,204.50105,204.77783,202.48245,202.89339,206.7937,203.62462,2.2871999740600586,0.14739960432052612,5.60735559463501,0.99609375,11.821090698242188,6.49473184744517
17,110000,14.89532508915237,-217.31662,0.09841489,0.428845,1106.73,1111.8324,213.36084,220.33818,200.5853,214.62407,221.3618,202.40399,3.1917148,3.4079618,217.9119,219.02429,218.49393,219.57574,28.418064,3.1849613,3.107911,209.05107,210.075,208.1969,209.79242,217.63008,209.65436,2.240609884262085,-0.11970416456460953,5.7613844871521,0.984375,11.552367210388184,6.956934380531311
18,115000,46.26979755727776,-215.21095,0.07992086,-0.38616315,1100.3191,1099.0472,213.74887,218.96225,206.41135,213.53336,218.69391,206.44719,2.7832918,2.780695,216.04594,215.96576,216.65671,216.35587,13.089541,2.8471682,2.8835847,213.7571,213.39468,212.02844,211.7629,215.4385,212.51212,2.3046340942382812,-0.41806215047836304,5.493465423583984,0.984375,12.003301620483398,7.445904207229614
19,120000,38.79274568842966,-208.37213,0.080991484,1.7867188,1066.3582,1066.1099,205.53033,212.22336,194.31042,205.60652,212.16908,194.5662,3.6267662,3.823955,209.62097,209.73477,210.073,210.11359,32.96851,3.710874,3.8361926,202.54495,202.66435,202.26834,202.34247,208.67267,202.39633,2.3772172927856445,-0.24017512798309326,5.39489221572876,0.96484375,13.001806259155273,7.9368680397669475
20,125000,78.26084995742565,-219.54707,0.08049708,-0.019500807,1121.949,1120.1528,218.35544,223.32538,211.50565,217.93507,223.02625,210.86482,3.0271597,2.9661422,220.7667,220.43521,221.06697,220.70113,28.689362,2.9922602,2.9462614,218.47458,217.9964,217.14648,216.58273,219.78795,217.24428,2.402373790740967,-0.13840293884277344,5.311715126037598,0.98046875,12.075601577758789,8.464727274576823
21,130000,27.70041334970176,-216.36801,0.08005319,0.6436403,1105.6814,1104.334,214.60022,220.06152,207.0216,214.32733,219.8295,207.105,3.1303759,3.330499,217.62006,217.23706,217.79959,217.6496,13.4565525,3.2549005,3.2470088,214.19855,213.78702,212.76239,212.47676,216.62857,214.0567,2.545198440551758,0.16218464076519012,5.517195701599121,0.9921875,13.206157684326172,8.961706054210662
22,135000,35.305784723014455,-222.48492,0.073934466,0.5327207,1135.536,1140.5896,220.09479,226.0788,212.1644,221.03366,227.03275,212.6586,3.1437638,3.2571025,223.39418,224.65373,223.68585,224.98175,17.92784,3.2045326,3.2590346,218.42612,218.61722,217.52576,217.7869,222.72185,218.03151,2.6051201820373535,0.012067616917192936,5.791634559631348,0.98828125,13.267936706542969,9.474331696828207
23,140000,64.63234923193735,-219.9834,0.071632825,0.4950202,1125.1328,1119.4608,218.39432,223.98975,211.07297,217.30638,222.80563,210.0008,3.248341,3.4660354,221.74731,220.72244,222.02075,220.83188,22.237282,3.1877778,3.475141,218.42978,217.258,216.04977,214.99973,220.21175,217.44046,2.565887928009033,-0.7375641465187073,5.481445789337158,0.98046875,13.07605266571045,10.015737807750702
24,145000,26.475910995085382,-231.26163,0.06699807,-0.49275088,1178.6837,1179.4299,229.88034,234.60243,223.57727,229.90184,234.79611,223.42177,2.7676167,2.923184,232.14136,232.18875,232.40457,232.39136,7.925747,2.8177083,2.8452044,230.54341,230.66821,228.70645,228.73676,231.45041,231.40067,2.620307445526123,-0.3718361258506775,5.63248348236084,0.984375,13.035713195800781,10.538036398092906
25,150000,54.42719643192575,-233.03374,0.06980008,-0.42285627,1186.6024,1191.0232,230.967,236.25679,224.64816,231.81071,237.12807,225.24077,2.8258305,3.133883,233.74689,234.42862,233.88934,234.6739,11.719755,2.8411582,3.1657772,231.21823,232.15872,229.14502,230.20987,233.23206,230.7669,2.546612024307251,-0.35466450452804565,5.415206432342529,0.99609375,12.952814102172852,11.089958794911702
26,155000,37.52120970856716,-235.85835,0.063604504,-0.23077771,1205.4431,1201.3567,234.60857,240.00061,226.0291,233.92018,239.18027,226.06143,2.8378234,2.9125977,237.31583,236.59445,237.5924,236.74161,14.296877,2.9162354,2.9007535,234.56082,233.51572,232.58844,232.09543,236.04384,233.06473,2.5561070442199707,-0.009323935955762863,5.621918201446533,0.98046875,12.997002601623535,11.63411941130956
27,160000,66.29765740267955,-242.43527,0.06194317,0.9758388,1237.0952,1233.0776,240.37341,246.34248,230.54134,239.91339,245.55232,230.25188,3.3419592,3.588995,244.09439,243.47603,244.36987,243.68973,27.321753,3.350827,3.6094246,240.11517,239.78156,237.50746,237.42592,242.64282,241.25522,2.529625415802002,0.004521256312727928,5.436835765838623,0.99609375,12.616495132446289,12.207550565401712
28,165000,51.54062420422184,-235.77502,0.06084442,0.29255474,1202.3486,1202.1055,234.10156,239.3852,227.47107,234.11658,239.3083,227.35822,3.1453273,3.1528454,237.02338,237.05869,237.27753,237.26791,8.324057,3.104505,3.00683,233.6413,234.08951,232.2225,232.24187,235.96391,233.4435,2.713048219680786,0.1590091735124588,5.791634559631348,0.98828125,13.209681510925293,12.781302956740062
29,170000,30.135437531384586,-246.52051,0.05907011,-0.75501937,1254.3184,1255.5013,245.0547,249.74995,239.91635,245.33022,249.97638,240.17868,2.7618394,2.6619463,247.26611,247.52518,247.43378,247.71701,15.708162,2.733117,2.7505696,244.8158,245.20688,243.80853,244.09277,246.68196,244.87776,2.7111268043518066,-0.05620869994163513,5.800908088684082,0.9921875,13.030792236328125,13.345135609308878
30,175000,102.31603406990655,-247.53778,0.057917498,0.18535693,1262.8318,1258.6831,246.21803,251.49638,239.34619,245.6019,250.66055,238.97191,2.963407,3.073864,248.82843,248.09192,249.0397,248.45964,16.742245,3.0650663,3.0547662,247.32823,246.78969,244.74376,244.21193,247.71532,246.38194,2.7332897186279297,-0.7551786303520203,6.012535572052002,0.9921875,13.318445205688477,13.966153879960379
31,180000,90.85438555561699,-244.42902,0.060402684,-0.25390825,1246.5398,1244.7667,243.08678,248.12949,235.61038,242.79138,247.76083,235.59888,2.8953354,3.0448563,245.6,245.30081,245.77144,245.45166,7.2465487,2.9095354,3.000833,243.46933,242.96483,241.74963,241.4824,244.60477,243.6356,2.683682441711426,0.009009679779410362,5.5760626792907715,0.9921875,13.393230438232422,14.586688649654388
32,185000,99.81984324226615,-250.8329,0.05694524,0.20136291,1277.2687,1279.7834,248.3003,254.43813,238.8748,249.04187,254.82152,239.7987,3.1655827,3.3726375,251.58926,252.41055,252.0346,252.55719,24.807583,3.0702674,3.323156,246.37112,247.0426,245.73581,246.61668,251.00777,246.30841,2.73976993560791,-0.40160277485847473,5.9518890380859375,0.9921875,12.844182968139648,15.221874038378397
33,190000,98.71289389308208,-249.6287,0.053537372,1.5363895,1269.9541,1270.2039,247.1655,252.84055,238.7396,247.185,252.93999,238.98982,3.3701146,3.5269265,250.53372,250.39026,250.80695,250.70398,26.229782,3.524835,3.6084204,246.82623,246.63353,244.97342,245.27832,249.81741,246.9255,2.6935782432556152,-0.47447285056114197,5.720155715942383,0.99609375,13.616689682006836,15.864418323834737
34,195000,98.29444688727862,-248.51988,0.052903228,0.9720874,1262.807,1264.8816,246.43268,251.42093,239.06842,246.68593,251.84293,239.1554,3.243535,3.1173577,249.17525,249.39502,249.43295,249.71191,18.01174,3.3307219,3.1454022,246.9396,246.87772,244.9713,245.23227,248.69609,247.05026,2.769373893737793,-0.6565503478050232,5.706284523010254,0.984375,13.353486061096191,16.51516026655833
35,200000,81.48261543164618,-251.17133,0.051111188,0.004649937,1282.3728,1277.3362,249.98282,255.3162,243.88531,249.02101,254.26215,243.09299,3.1000614,3.1379266,252.45068,251.51709,252.8557,251.76666,8.460875,3.0015635,2.88692,249.39789,248.31187,248.80063,247.9378,251.32474,249.63335,2.829397439956665,0.032841794192790985,5.692018032073975,0.984375,13.478759765625,17.163152333100637
36,205000,32.35327498063097,-267.01752,0.05277691,-0.4525942,1357.7627,1357.8939,265.42303,270.29242,258.0965,265.4582,270.31262,257.6904,2.7150178,2.8052592,267.66956,267.7185,268.02527,268.01404,31.066366,2.8461444,2.780281,264.23553,264.6251,264.01514,264.08282,267.1677,264.82465,2.694242477416992,-0.14069168269634247,5.795360088348389,0.9921875,13.367405891418457,17.781875642140708
37,210000,21.648818534608946,-254.83713,0.05360684,0.15730327,1298.3792,1297.0715,253.47096,258.54013,247.7086,252.8012,258.2715,245.77794,3.0155735,2.930881,255.5625,255.31483,256.24823,255.70447,23.455809,3.053759,2.9269123,252.46336,251.74394,252.46916,251.25125,255.00082,252.71127,2.7067008018493652,-0.122810959815979,5.671776294708252,0.98828125,13.434965133666992,18.4048837463061
38,215000,62.774018497247965,-250.63428,0.048717864,1.5496677,1274.5569,1276.6387,247.73563,253.821,240.3826,248.24144,254.20633,241.07687,3.6038551,3.6613507,250.58734,250.98135,251.70276,252.04985,10.654362,3.5128448,3.748903,247.32677,247.98839,246.10257,246.87888,250.80542,246.80179,2.85335111618042,-0.34835198521614075,5.777210235595703,0.99609375,14.181570053100586,19.060721929868063
39,220000,13.518737763858846,-262.00806,0.054242738,-0.068688646,1330.6025,1334.9128,259.65274,264.98245,252.37138,260.49213,265.85144,253.28625,3.0485492,3.0401187,262.0451,263.24884,262.77368,263.5224,17.874994,2.9764304,3.0518556,259.77838,260.55475,258.14868,258.71436,262.1695,261.11536,2.8171286582946777,-0.21706144511699677,5.298025131225586,0.9921875,14.398279190063477,19.697479248046875
40,225000,72.5364963710657,-250.74962,0.04948406,0.39629883,1277.6061,1277.2595,248.96811,254.387,242.86023,249.01714,254.25763,242.99036,3.0947804,3.0466814,251.82672,251.82213,252.10219,252.07419,12.3340225,3.1318314,2.9798563,248.66727,248.95491,247.03741,247.21712,250.9046,248.94499,3.0370259284973145,0.14544470608234406,5.985843658447266,0.98828125,14.15927791595459,20.37462373971939
41,230000,37.908163684849654,-259.1646,0.050587915,0.025932908,1321.8081,1316.2332,257.72162,263.2139,248.03067,256.76312,262.10187,247.9327,3.0677161,3.1894457,260.59393,259.53757,260.83035,259.9525,24.785583,3.0086904,2.9544966,257.302,256.6126,255.91821,254.977,259.31683,257.32,3.018796920776367,0.005889503285288811,5.645183086395264,1.0,14.309944152832031,21.033707078297933
42,235000,101.56294894530092,-262.2183,0.049450412,1.069787,1335.8506,1334.2668,260.73444,266.07544,255.42374,260.5946,265.693,255.3139,3.2972002,3.2642722,263.38385,263.0771,263.76447,263.61212,9.316042,3.355791,3.2998552,261.21902,261.4084,259.53705,259.5767,262.38428,262.43237,2.8965940475463867,-0.32892102003097534,5.750641822814941,0.99609375,14.481359481811523,21.748700066407523
43,240000,102.76396001807082,-263.36578,0.046280704,-0.4283654,1342.8462,1337.9154,262.55276,267.443,256.90414,261.56354,266.39734,255.59697,2.7231414,2.7851589,264.6625,263.68085,264.9463,263.92743,6.414069,2.8606048,2.645882,263.08014,262.06018,261.4783,260.51117,263.49814,262.81592,2.9616384506225586,-0.034677911549806595,5.794761657714844,0.99609375,13.836751937866211,22.46901347239812
44,245000,54.578622284527256,-271.0556,0.048070636,-0.44967583,1377.9062,1377.8672,269.5157,274.3389,263.79828,269.52814,274.3573,264.26526,2.850229,2.7930117,271.83008,271.73767,272.00323,271.97556,5.4156413,2.8518407,2.8821406,269.7154,269.84058,268.2776,268.43503,271.1927,269.40485,3.0346407890319824,0.018896058201789856,5.8954925537109375,0.99609375,13.84677791595459,23.164404821395873
45,250000,95.85098035212674,-270.89587,0.048441514,0.738703,1378.1191,1374.8892,269.338,274.37866,263.03436,268.79855,273.73212,262.87317,3.0327501,3.051634,272.00592,271.44025,272.28455,271.5885,6.554536,3.244006,3.1245835,269.38483,269.00864,267.72845,267.37177,271.05304,268.57013,2.912044048309326,0.25252753496170044,5.836757183074951,0.99609375,13.579167366027832,23.89374969402949
46,255000,65.99566370109977,-261.4425,0.046777092,-0.05411601,1329.7158,1326.8066,259.83688,264.67157,253.75946,259.28656,264.11514,253.1467,2.9853268,3.0910583,262.28247,261.79428,262.48975,262.0354,17.683413,2.9823284,3.0589342,260.677,259.74988,258.73538,258.02692,261.58203,261.5788,2.9259133338928223,-0.11282434314489365,5.737786769866943,0.99609375,13.77409839630127,24.614678370952607
47,260000,53.17678429490505,-273.66068,0.044376954,-0.029646054,1390.6888,1392.4912,272.26422,276.85202,267.19977,272.5724,277.287,267.5412,2.891127,2.758308,274.3711,274.5997,274.49948,274.7728,4.5913577,2.9904828,2.7913318,272.55118,272.73334,271.49207,271.9146,273.7934,272.41736,2.900498628616333,0.15894967317581177,5.805990219116211,1.0,13.939882278442383,25.330738429228465
48,265000,34.47452722089995,-268.35126,0.0447697,0.57684344,1365.0142,1363.6808,266.99377,271.75702,262.13812,266.78668,271.50006,261.58398,3.0316386,3.0831127,269.22293,269.05365,269.4898,269.12006,4.4139504,3.1857057,3.1626267,267.75592,267.54657,266.30386,266.22165,268.4939,268.4158,3.009504556655884,0.6699901223182678,5.712549209594727,0.98828125,14.13810920715332,26.042353900273643
49,270000,20.166934280888167,-272.46283,0.044341836,0.9522037,1383.3605,1384.6119,270.5758,275.48492,265.0371,270.81665,275.72653,265.28973,3.2906218,3.44365,273.08688,273.29907,273.42767,273.4817,10.908534,3.3056023,3.3599284,269.77405,270.05377,269.8676,270.324,272.60944,270.20258,2.940661668777466,-0.34178605675697327,5.734460830688477,0.984375,14.268928527832031,26.756229774157205
50,275000,34.05767191329468,-272.9403,0.046759453,0.24859586,1385.6672,1384.7845,271.1652,275.9031,265.9585,270.89688,275.7541,265.06607,3.1496646,3.3235433,273.65125,273.5365,273.8897,273.7619,13.034326,3.0811677,3.1232324,271.53613,271.22522,270.34845,269.78598,273.08438,271.8527,2.9011104106903076,-0.1569322794675827,5.49862813949585,0.9921875,13.708036422729492,27.486695488293964
51,280000,101.33900226928824,-265.74893,0.047809634,-0.62380296,1351.011,1351.55,264.3349,268.9781,259.00317,264.60544,269.0933,259.7624,2.8072762,2.794359,266.4359,266.67053,266.5817,266.80823,4.183596,2.7948375,2.8623176,264.592,264.96204,263.50928,263.85974,265.88254,263.99048,2.9816629886627197,0.26258257031440735,5.86297607421875,0.98828125,13.838034629821777,28.269683583577475
52,285000,96.75348327234792,-275.8224,0.04827246,-0.17404145,1399.3999,1404.8218,273.7275,278.6051,266.85452,274.71146,279.71295,267.7594,3.0370874,3.012753,276.23077,277.39978,276.46808,277.58182,13.466453,2.9425776,2.951798,273.91254,274.77374,272.45404,273.12317,275.96442,274.36243,2.8855173587799072,-0.08780612796545029,5.857185363769531,0.99609375,13.614042282104492,29.05796173810959
53,290000,101.83066302031204,-278.99936,0.046182424,0.6436343,1415.5419,1417.477,276.67175,281.90985,270.32794,277.32864,282.32028,271.48407,3.121748,3.172944,278.9784,279.60413,279.60913,280.01712,5.4317236,3.2093015,3.065435,277.6588,277.96698,275.64294,276.57983,279.14758,277.45392,2.945362091064453,0.3576352596282959,5.7172651290893555,0.99609375,13.662495613098145,29.85925611257553
54,295000,60.55592208845062,-277.48077,0.046490576,0.45481038,1411.5942,1407.9132,276.02515,281.0726,267.98654,275.47842,280.35953,268.4458,3.0706615,3.2538896,278.47308,277.9754,278.84082,278.17197,11.483925,3.1482189,3.2364464,275.81122,275.14462,275.00665,274.533,277.62714,275.53815,3.036006450653076,-0.1569322794675827,5.7858991622924805,0.9921875,14.294448852539062,30.640054841836292
55,300000,75.61244236500659,-285.74872,0.042781267,0.4519408,1448.0806,1451.2803,283.79102,288.40378,279.4239,284.409,289.04355,279.49182,3.211313,3.1034951,286.06683,286.77066,286.29407,287.02228,4.21906,3.1433978,3.0380669,284.737,285.2517,283.2476,283.66928,285.8832,284.68243,3.018416404724121,-0.6640406250953674,5.6519012451171875,0.9921875,14.510631561279297,31.435072195529937
56,305000,77.1372505639644,-272.0389,0.043318957,1.3679221,1379.8423,1387.4526,269.8911,274.7342,265.49084,271.46756,276.20612,266.9175,3.3909962,3.387716,272.25702,273.9958,272.6363,274.22406,9.764315,3.4357598,3.274516,270.92627,272.2882,269.47928,270.8821,272.18777,271.49573,2.984255790710449,0.03613835573196411,5.574611186981201,0.9921875,13.715095520019531,32.24101470311483
57,310000,104.78311016982744,-281.7729,0.042409495,-0.7980677,1431.9324,1430.2303,280.39764,285.10175,274.3208,280.15704,284.7739,274.32227,2.722928,3.0574398,282.64423,282.42993,282.71942,282.577,8.849047,2.7474775,3.140512,280.76477,280.3776,279.53018,279.16516,281.88943,280.7225,2.9254150390625,-0.2170334905385971,5.7900919914245605,1.0,14.245615005493164,33.07286190589269
58,315000,71.33551536442859,-278.16443,0.04164664,-0.65170145,1410.8296,1415.9603,276.3461,280.93085,271.47406,277.37582,281.92905,272.07443,2.9383225,3.0249238,278.49545,279.54486,278.63324,279.75824,10.467756,2.7949681,3.010936,276.6554,277.5072,275.79337,276.70816,278.28085,276.90723,3.057717800140381,-0.13644511997699738,5.61710786819458,0.98828125,14.177955627441406,33.8912056684494
59,320000,96.4911899306017,-277.98007,0.042407397,0.5444719,1414.8619,1409.2197,276.91638,281.69122,271.82233,275.6571,280.58002,270.0985,3.1774778,3.2397351,279.52686,278.28384,279.70758,278.46536,6.6314487,3.1722777,3.2159946,277.0245,275.79376,275.85236,274.55984,278.11462,276.06177,3.0573549270629883,0.16442683339118958,5.9157538414001465,0.98828125,14.276237487792969,34.733581586678824
60,325000,93.82931766115885,-280.21997,0.04100049,-0.5321678,1424.7749,1423.948,279.03354,283.651,274.61877,278.88684,283.51248,274.07465,2.7434268,2.8832726,280.9783,280.89395,281.11536,281.00836,6.343198,2.833394,2.7881143,279.77106,279.5871,278.55414,278.30548,280.33612,279.64304,3.021578788757324,-0.05453697592020035,6.298880577087402,1.0,14.25889778137207,35.57907807429631
61,330000,56.31952079569713,-286.13416,0.042426858,-0.1908697,1451.9779,1451.7601,284.35675,289.13467,279.0377,284.1988,289.14746,278.9386,3.1175194,3.1764455,286.9315,286.7959,287.04663,286.9946,5.0077066,2.9395976,3.2166557,285.6745,285.6131,283.30673,283.0204,286.25882,285.6236,3.0555763244628906,-0.38121023774147034,5.660879611968994,0.99609375,14.119239807128906,36.40528699159622
62,335000,107.77106543047366,-284.50555,0.03963701,-0.5539397,1445.1948,1443.4724,283.06653,287.7827,276.58392,282.7445,287.41528,276.80377,2.8680549,3.0961385,285.3474,284.98608,285.49072,285.16507,6.3871055,2.828395,2.9591246,284.3617,283.8725,282.24622,281.96704,284.6177,284.7768,3.085334300994873,0.16811925172805786,5.769576549530029,0.99609375,14.556182861328125,37.275153720378874
63,340000,51.98117648764982,-279.71368,0.04074656,0.9490395,1418.5437,1420.6711,277.47302,282.44446,270.73926,278.02216,282.86377,272.15057,3.2552152,3.1744766,280.10156,280.66995,280.45447,280.92023,21.68823,3.2965393,3.2006173,278.3534,278.75262,276.2133,276.82648,279.84805,278.22205,3.135930299758911,0.5305872559547424,5.842689514160156,0.99609375,14.817667007446289,38.11954607963562
64,345000,103.5475689630866,-277.57385,0.039251428,0.3230978,1411.9192,1409.2412,276.29578,281.0594,270.79315,275.95035,280.5475,270.30807,3.068931,2.987969,278.32062,278.0948,278.5479,278.32114,6.3109827,3.0997906,3.1591759,277.64545,277.2951,275.99622,275.41254,277.6955,276.56128,3.0231947898864746,0.4255473017692566,5.841350555419922,0.99609375,14.157571792602539,39.006417564551036
65,350000,104.76739108357319,-283.47598,0.037628848,0.087506354,1440.001,1443.0767,281.98312,286.81116,276.6687,282.47357,287.43756,276.43652,3.0437264,2.9574478,284.2119,284.71442,284.36206,284.84973,7.228357,3.026679,3.0795274,282.53802,283.4786,281.2971,281.77838,283.5899,282.30444,3.0704665184020996,-0.0644192025065422,5.40734338760376,0.98828125,13.949472427368164,39.91040768623352
66,355000,103.26859162032824,-275.32404,0.03777856,1.4056118,1400.0315,1398.0162,273.7461,278.76855,267.4711,273.27194,278.3379,266.86652,3.4279842,3.4784622,276.34222,276.02704,276.53668,276.06314,8.229451,3.429062,3.5217102,274.92737,274.34406,273.1864,272.5526,275.4536,274.68958,3.0686864852905273,-0.32779058814048767,5.934388637542725,0.9921875,14.808883666992188,40.815813601017
67,360000,102.27251141172277,-282.90503,0.040353063,0.7605505,1440.1627,1435.1349,281.92712,286.79443,275.5585,280.9047,285.85828,275.02655,3.1582713,3.4063222,284.23334,283.27707,284.46295,283.4709,9.809513,3.2369251,3.4117455,282.6236,281.4073,281.5703,280.4512,283.03564,281.94388,2.967538356781006,-0.0363435260951519,5.808431625366211,0.98828125,14.029556274414062,41.7284204641978
68,365000,105.11524197549889,-281.44666,0.03607111,-0.10349592,1430.575,1429.2742,279.68713,284.8663,274.44846,279.4743,284.61896,273.78052,3.0485244,2.97972,281.5479,281.55945,282.5895,282.3342,4.396894,2.9688478,3.1029916,279.95685,279.61087,278.8727,278.47812,281.55377,279.2649,3.166494846343994,-0.43210381269454956,5.799449920654297,1.0,14.820107460021973,42.65053955316544
69,370000,22.60960196307852,-283.4711,0.03565168,0.5441894,1440.353,1438.5017,281.7699,286.71835,276.1698,281.4383,286.36166,275.7307,3.0940497,3.116809,283.6994,283.56436,284.52216,284.143,18.635433,3.1632261,3.259566,282.21335,282.04633,281.21957,280.73895,283.5839,281.74078,3.0905601978302,0.006640879902988672,5.930482864379883,0.99609375,14.558792114257812,43.52324506441752
70,375000,69.8697450484315,-296.69357,0.03686882,0.18656093,1504.7249,1508.5032,294.80582,299.6063,289.48456,295.67813,300.40463,290.73224,3.0348215,2.920842,297.09076,297.93298,297.36548,298.1125,10.326128,3.056527,2.9517882,295.5113,296.54803,293.83746,294.86517,296.80627,296.735,3.1496853828430176,0.21229484677314758,5.9131951332092285,0.99609375,14.240518569946289,44.43755747874578
71,380000,104.80477578264723,-291.761,0.035720613,0.40588892,1483.6282,1479.3331,290.63736,295.44684,285.2242,289.752,294.63916,284.69916,3.0391006,3.0898247,292.8329,292.0461,293.04935,292.27133,12.225708,3.1218143,3.0542998,291.26263,290.51147,290.07928,288.9881,291.8725,290.44666,3.17891788482666,0.32310596108436584,5.36683988571167,1.0,14.728292465209961,45.38582442998886
72,385000,66.33419735516493,-289.5852,0.035514448,0.11561037,1470.0063,1470.392,287.82996,292.74158,281.5563,287.8185,292.831,281.39465,3.087975,3.3605382,290.20395,290.28156,290.40714,290.4121,5.2751775,3.0346365,3.0402002,288.38733,288.4732,287.24768,287.13092,289.69293,288.66248,3.1153738498687744,-0.08156771957874298,5.281761646270752,0.99609375,14.843929290771484,46.31120665470759
73,390000,77.10306285855559,-283.57587,0.036922995,0.4669385,1441.7188,1437.8801,282.36188,287.08466,276.7244,281.59558,286.34308,276.35883,3.212599,3.2531557,284.61038,283.7356,284.80725,284.07654,4.3740015,3.141543,3.271954,283.83432,283.21304,282.05426,281.36087,283.69183,283.38684,3.108883857727051,0.11705151200294495,5.945000648498535,1.0,14.920125961303711,47.24994635979335
74,395000,40.37641745349422,-289.8895,0.035978284,0.22583726,1472.3169,1471.7402,288.51923,293.13086,282.1313,288.4262,293.06845,281.6298,3.0143046,2.9754596,290.62363,290.5772,290.84497,290.78455,5.1811905,3.067924,3.0586934,289.9834,289.7963,287.99945,287.82712,289.99988,289.38373,3.038419723510742,-0.10926643013954163,5.7248687744140625,0.9921875,14.405585289001465,48.17474411328634
75,400000,76.13646543598962,-282.80716,0.035520498,0.28972983,1436.6794,1438.1549,281.40778,286.08286,276.92365,281.56824,286.35583,277.11115,3.1082783,3.0948553,283.41983,283.61295,283.73633,284.1148,5.923023,3.0868065,2.831088,281.5183,281.20325,281.19095,281.1006,282.91684,280.99918,3.164011001586914,-0.09429275244474411,5.928724765777588,0.984375,15.057767868041992,49.125981124242145
76,405000,98.26215391653946,-289.3923,0.037084673,-0.128206,1467.221,1471.9541,287.334,292.17255,281.28986,288.10797,293.13855,281.72867,3.046732,2.9306133,289.33026,290.60138,289.86716,290.4681,24.422962,2.9610853,2.9132318,287.76535,288.08997,286.7025,287.15222,289.5021,287.52368,3.1149144172668457,0.08640750497579575,5.756206512451172,0.9921875,14.721063613891602,50.103923300902046
77,410000,108.23141672059904,-290.5728,0.037558813,-0.021391243,1472.844,1476.8218,288.78772,293.26678,283.12952,289.52237,294.04413,283.58606,2.9669507,2.9983025,290.9233,291.6369,291.0554,291.79102,3.3885894,2.9934819,3.165216,290.07892,290.7165,288.2702,289.02502,290.68527,290.276,3.207035541534424,0.41519227623939514,5.836757183074951,0.9921875,14.862915992736816,51.094606260458626
78,415000,44.52473316248585,-297.20935,0.03696971,-0.4174844,1506.6184,1510.1976,295.51978,300.0122,290.44537,296.19647,300.76636,291.1684,2.8662148,2.951136,297.37036,298.07996,297.67972,298.32208,4.378558,2.8733997,2.7948394,295.6969,296.3396,295.24713,295.92523,297.31558,295.99026,3.131211280822754,0.32148754596710205,5.935336589813232,1.0,14.233009338378906,52.05803282260895
79,420000,110.11030734513496,-293.49023,0.036894128,-0.19947492,1488.4956,1488.5701,291.47168,296.41586,284.0639,291.55594,296.42856,284.50854,3.0436306,2.9806395,293.99496,294.0519,294.2598,294.26697,7.6640663,2.9395475,2.7741103,292.23203,292.1539,290.10504,290.29376,293.5987,292.64368,3.1440529823303223,-0.20070680975914001,5.974184989929199,0.99609375,14.561424255371094,53.070241455237074
80,425000,110.96491470494576,-290.82336,0.03553311,-0.7174636,1475.8992,1477.6748,289.19577,293.90353,284.09457,289.59076,294.28442,284.88498,2.8529406,2.9864423,291.36035,291.81543,291.5886,291.9939,4.256556,2.785016,3.0596151,290.29645,290.43762,288.39825,288.72287,290.92233,290.02927,3.267996311187744,0.4827080965042114,6.076193332672119,0.99609375,14.678292274475098,54.08705738782883
81,430000,111.08801441407216,-291.82812,0.036162946,-0.6970073,1478.5,1484.9371,289.7387,294.39587,284.22247,291.0466,295.69885,285.77237,2.9895375,3.1407557,292.04636,293.41794,292.21228,293.59283,3.8459044,2.7900405,3.0339901,290.17245,291.22223,289.00833,290.17987,291.92902,290.6003,3.1761474609375,0.003524316241964698,5.833345890045166,0.984375,14.460018157958984,55.115419721603395
82,435000,108.09655155072122,-305.22083,0.03710708,-0.9342626,1548.6511,1548.1942,303.78107,308.36432,298.459,303.8041,308.32477,298.57153,2.685602,2.761155,305.88702,305.92133,306.02542,306.06754,3.4799433,2.7163699,2.8936071,303.39612,303.18567,302.79797,302.79077,305.32162,303.6283,3.2234020233154297,-0.4265756607055664,5.422783374786377,0.98828125,14.63874626159668,56.145416390895846
83,440000,98.3344735652118,-294.229,0.03500906,0.6301501,1491.3792,1498.0164,292.20105,296.93732,287.586,293.373,298.27472,288.79337,3.286022,3.2209873,294.60522,295.78262,294.69983,296.1715,6.514333,3.187984,3.1943913,292.76184,293.32382,291.7256,292.5924,294.34064,293.1897,3.1460092067718506,0.2836569845676422,5.944402694702148,0.99609375,14.197271347045898,57.174162956078845
84,445000,108.9070146552231,-297.28284,0.035522554,0.06276801,1509.0525,1507.1445,295.62912,300.50064,290.38074,295.37766,300.1266,290.36783,3.0272062,3.0643966,297.84406,297.73334,298.15762,297.89444,2.8217678,3.0188065,2.9765148,295.66705,295.3737,294.89777,294.51733,297.39005,295.5872,3.1759212017059326,-0.05453697592020035,6.323037147521973,1.0,14.142679214477539,58.221733252207436
85,450000,67.12331057624696,-290.93845,0.034805577,0.99549353,1475.6475,1477.5367,288.7978,293.8323,282.73148,289.21017,294.21667,283.53247,3.3211522,3.4233892,291.4884,291.88623,291.62268,292.14844,9.365952,3.2964563,3.276729,290.41626,290.62604,287.9473,288.26096,291.05322,290.5428,3.148515224456787,-0.6569324731826782,5.6233344078063965,0.9921875,14.229726791381836,59.250187667210895
86,455000,106.96356510349969,-298.43854,0.033111643,0.5016571,1513.259,1515.2161,296.266,301.35837,289.8521,296.8461,301.76904,291.28,3.1244426,3.174914,298.79016,299.34717,299.0448,299.62128,16.038181,3.1472054,3.183035,296.74414,297.51276,295.18286,295.78973,298.54276,297.6305,3.067171096801758,-0.02997208759188652,5.653587818145752,1.0,14.244001388549805,60.31487086216609
87,460000,108.40658631754465,-294.23364,0.034103483,0.1911425,1492.8091,1491.3148,292.42212,297.24023,285.4297,292.29065,296.94485,286.37994,3.0235257,3.0597467,294.85883,294.69153,295.1844,294.9214,21.946217,3.0565786,3.2433486,293.42038,293.08508,291.2269,291.26282,294.3379,293.53223,3.0116512775421143,-0.7691117525100708,5.516793727874756,1.0,14.051526069641113,61.38324777285258
88,465000,84.78032984055933,-295.4999,0.032378986,-0.06577623,1500.359,1498.3038,293.8245,298.76562,286.66586,293.4032,298.34995,286.82574,2.8657594,2.9715476,296.336,295.82236,296.61444,296.18854,21.551289,2.9808245,2.9688182,295.14008,294.49744,292.28082,291.95657,295.59644,294.55045,3.322178363800049,0.026888545602560043,5.945948123931885,0.9921875,14.86989974975586,62.44657624959946
89,470000,108.89428017359009,-295.9944,0.03275111,0.82669926,1500.4545,1503.4829,293.25104,298.77106,285.98242,294.01788,299.39294,287.00507,3.2582023,3.2916894,295.83838,296.86963,296.65396,297.2282,29.398632,3.2418084,3.2854202,294.2212,295.15552,291.7312,292.4262,296.10056,293.80554,3.101443290710449,0.11149481683969498,5.874956130981445,0.99609375,14.027946472167969,63.5301961461703
90,475000,104.20078585921537,-297.16138,0.032297287,0.84490585,1507.4707,1506.9603,294.92072,300.19205,287.66226,294.78033,300.09564,287.74292,3.1239843,3.2738175,297.73175,297.6114,298.02734,297.9095,23.692495,3.2461295,3.1160095,294.27267,293.9792,293.32144,293.1385,297.2662,294.17535,3.1664559841156006,-0.06617382168769836,5.763454914093018,1.0,14.878944396972656,64.61987313429515
91,480000,110.59495870847684,-301.67914,0.033989653,-0.89257884,1529.9012,1531.9441,300.04602,304.65128,295.2807,300.48505,305.06104,295.6886,2.7766576,2.8222175,302.0536,302.55927,302.2735,302.7091,16.132513,2.736056,2.9163733,301.01385,301.4658,299.33038,299.7062,301.77216,300.05008,3.155710220336914,0.074210025370121,5.882239818572998,0.99609375,14.498586654663086,65.72115391890208
92,485000,108.45919076418966,-304.43475,0.03473298,0.14607577,1543.064,1546.4592,302.53128,307.3241,296.6558,303.29578,308.0234,297.673,3.0084152,2.964262,304.76956,305.48517,304.9275,305.65704,25.200235,3.0434742,3.0394235,304.0635,304.96875,301.79004,302.6383,304.54047,303.73248,3.2414443492889404,-0.029057171195745468,5.961364269256592,0.99609375,14.753944396972656,66.828191614151
93,490000,103.35815294294619,-298.56128,0.034816284,0.33734596,1516.9487,1515.9272,297.28802,302.0597,290.8982,297.07703,301.82986,291.43512,3.1613138,3.054244,299.62625,299.2599,299.69376,299.5771,5.904737,3.10047,2.9544454,298.01843,297.79413,296.68018,296.5302,298.66925,297.67627,3.2086238861083984,0.03703894838690758,5.468121528625488,0.9921875,14.38187026977539,67.94218903779984
94,495000,110.38735718913406,-303.52356,0.033313002,-0.5873337,1537.1035,1540.743,301.7741,306.13367,297.00586,302.42108,306.85413,297.127,2.9909363,2.8803253,303.7173,304.48724,303.9466,304.77533,2.8593683,2.8273466,2.776044,303.08887,303.7069,301.45023,301.7925,303.61774,303.68298,3.229118824005127,0.2534051239490509,5.650345325469971,0.99609375,15.297599792480469,69.06314823230107
95,500000,110.8620637224903,-297.04694,0.033085022,0.16740593,1511.6191,1504.8502,296.3482,300.9619,291.0405,295.03488,299.63956,288.97595,3.076456,3.1370168,298.48566,297.3588,298.64752,297.48337,5.074583,3.0491118,3.2361472,297.58017,296.40137,296.04538,294.3965,297.14783,296.86728,3.190319538116455,0.5239899754524231,5.671291828155518,0.99609375,14.98194694519043,70.19764769474665
96,505000,66.3670045484458,-307.9676,0.032775965,-0.70968217,1563.9211,1561.5493,307.1463,311.4887,302.7071,306.58557,311.02097,300.71838,2.657631,2.731061,308.7691,308.40192,308.865,308.49316,4.9622383,2.7923727,2.7054288,308.1172,307.62024,307.114,306.17084,308.05914,308.70932,3.2035720348358154,0.3412698805332184,5.332824230194092,1.0,14.698836326599121,71.30706188678741
97,510000,103.5111712375187,-304.57678,0.034219235,0.15580675,1545.464,1543.9473,303.29303,307.74396,298.42474,302.921,307.4908,297.68503,2.951463,2.8788323,305.22412,304.9161,305.41608,305.1015,2.7000003,3.0461655,3.0430584,303.9069,303.4808,302.98975,302.49615,304.68103,303.74292,3.2497103214263916,-0.021932950243353844,5.707249164581299,0.99609375,14.792442321777344,72.44685910145442
98,515000,63.5007051262826,-311.98047,0.033067133,-1.046317,1582.7559,1583.2239,310.70224,315.18988,306.33264,311.0437,315.2918,307.14362,2.7749457,2.835205,312.59164,312.86655,312.87408,313.07574,6.3852706,2.6930916,2.7927692,311.3622,311.86346,310.17163,310.71942,312.06952,311.36584,3.204246997833252,0.026368383318185806,5.59736442565918,1.0,14.984066009521484,73.57409303983053
99,520000,110.03000544225499,-313.57733,0.032924857,-0.57762426,1589.0907,1589.761,312.02716,316.4894,306.7389,312.2132,316.6504,307.91803,2.9881778,2.895896,314.09677,314.226,314.22217,314.33423,4.9080257,2.8307838,2.924209,313.20746,313.28217,311.56714,311.88403,313.67053,312.36978,3.2625770568847656,0.023482775315642357,6.376203536987305,1.0,14.771699905395508,74.74485674699147
100,525000,109.4280297180005,-307.3196,0.03239506,-0.33442056,1559.0627,1559.3052,305.67853,310.39197,298.9209,305.67456,310.51678,298.39743,2.9363182,2.9336796,308.09155,308.1266,308.22586,308.21667,34.7322,2.9024942,2.9874039,306.4215,306.26147,304.50867,304.471,307.41364,306.5987,3.151151657104492,-0.11707595735788345,5.935336589813232,0.98828125,13.98542594909668,75.91179144779841
101,530000,72.29834737617692,-308.8056,0.030860038,1.1658813,1567.0122,1562.497,306.97253,312.04657,299.6501,306.30746,311.16644,299.367,3.2738724,3.125061,309.60995,308.9627,310.15613,309.31494,3.4171224,3.335188,3.207385,307.26422,306.83286,305.47107,304.96417,308.9085,307.72894,3.091034412384033,0.023868272081017494,6.418797016143799,0.9921875,14.529377937316895,77.06334051291148
102,535000,73.51906173094697,-309.29446,0.030572265,0.07225829,1568.3687,1568.9791,307.67194,312.3498,302.8851,307.91895,312.46753,303.59567,2.8570538,2.876571,309.60846,309.87408,310.05096,310.20874,7.980684,3.020718,2.754891,308.16406,308.51184,307.01062,307.32812,309.3868,308.22754,3.30751895904541,0.1763530671596527,5.785096645355225,0.98828125,14.835593223571777,78.22376820246379
103,540000,61.09256478406526,-305.76184,0.03179277,0.21269898,1551.6422,1550.3169,304.3828,308.9485,299.36237,304.16217,308.7471,299.50082,2.9907784,3.1190674,306.6962,306.39145,306.72943,306.48422,3.5713203,3.0616784,3.2241328,305.31747,305.24588,303.75323,303.64127,305.85922,305.2961,3.238340377807617,-0.15890586376190186,6.008892059326172,0.98828125,15.28779411315918,79.38639526764551
104,545000,102.29200263930348,-310.29254,0.031052675,0.4545806,1571.9905,1573.7698,308.4783,313.03552,302.65717,308.88696,313.41766,303.42767,3.0197659,3.0296233,310.5401,311.01688,310.71854,311.13324,26.420465,3.130925,3.029551,309.6568,309.99524,308.1462,308.48065,310.38977,309.36157,3.285184621810913,-0.11596445739269257,5.377131938934326,0.99609375,14.879193305969238,80.5905357837677
105,550000,85.973938903007,-319.4523,0.030878935,-0.44647527,1618.9518,1617.3999,318.07336,322.42712,313.76715,317.78845,322.18378,313.77408,3.064951,2.9087648,320.05707,319.77502,320.21643,320.02954,4.373018,2.8716168,2.9112673,319.4757,319.16516,317.84085,317.45505,319.541,319.21432,3.2271857261657715,-0.04891254007816315,5.571270942687988,1.0,14.705726623535156,81.78485972086588
106,555000,108.76714678627599,-307.61093,0.032019947,0.38027012,1561.0739,1560.7881,305.91965,310.8579,300.80157,305.88672,310.88177,301.232,3.186183,3.2583237,308.56763,308.1938,308.7151,308.58997,5.8651695,3.110499,3.2006996,306.16946,306.40662,304.84125,305.24146,307.71057,306.95984,3.276416778564453,0.4707960784435272,6.413059711456299,0.9921875,14.674331665039062,82.99652249415716
107,560000,103.5696402851959,-307.62494,0.032072138,-0.010828763,1559.6782,1558.4336,306.04135,310.58185,299.77707,305.86188,310.30844,299.81937,3.014289,3.0302072,308.3509,308.15613,308.49878,308.27637,3.7758043,2.996852,2.9447126,307.8003,307.65472,305.23938,305.1183,307.72107,308.15594,3.2154908180236816,0.22882628440856934,5.984309673309326,1.0,14.56402587890625,84.2125618815422
108,565000,111.8430617297174,-319.54617,0.03027171,0.10917738,1618.3599,1622.8867,317.49365,322.32733,310.86755,318.51044,323.27185,312.53867,3.05681,3.1019206,319.81018,320.78546,319.98633,320.94098,4.7581925,3.0312157,3.148333,318.39532,319.32147,316.76367,317.8841,319.63794,318.82935,3.237504243850708,-0.22311332821846008,5.497260570526123,0.9921875,14.88007926940918,85.44493332306544
109,570000,33.03193856824407,-308.75208,0.030646313,-0.017972946,1568.4628,1564.9075,307.5263,312.3563,301.75427,306.7909,311.70068,301.26892,3.081169,3.1116107,309.7295,309.04724,310.01917,309.31592,10.170401,2.994843,3.115755,308.66656,307.9055,306.94354,306.12286,308.84387,308.3836,3.3938841819763184,-0.003944274503737688,6.018627643585205,1.0,15.059677124023438,86.64211838642755
110,575000,101.63140058630265,-319.16833,0.030807527,-0.81596255,1618.2622,1617.1426,318.10883,322.28317,314.2917,317.9654,322.08582,314.36942,2.7152157,2.7213473,319.76617,319.75305,319.89954,319.82922,1.9996693,2.7655277,2.7921634,319.1587,319.0503,318.01782,317.67102,319.25354,319.3867,3.325975179672241,0.7551506757736206,5.832668304443359,1.0,15.335565567016602,87.882035446167
111,580000,78.3302564214441,-308.42667,0.031346258,0.48957348,1564.6599,1563.0769,307.12695,311.61472,302.7308,306.91916,311.35367,302.807,3.03377,2.9175358,309.15506,308.9481,309.24777,309.10712,2.7753136,3.1413863,2.9019647,308.31207,308.10614,306.84985,306.5741,308.52515,308.41934,3.2634074687957764,0.3011781871318817,5.894906044006348,1.0,14.467105865478516,89.12027596632639
112,585000,97.65130802258261,-309.20596,0.031629484,0.05139661,1569.2386,1568.0314,308.10068,312.5047,304.06866,307.91476,312.3096,304.2023,3.034637,3.0075572,309.95642,309.7696,310.1402,309.90002,4.348526,3.0148816,3.1390474,309.4101,309.06427,308.1681,308.03735,309.30133,309.6579,3.2747206687927246,0.07792375981807709,6.120499610900879,1.0,14.672115325927734,90.37759293715159
113,590000,87.64825076629982,-312.11285,0.03223646,1.6535865,1580.9036,1582.7816,309.95605,314.86337,304.50085,310.46216,315.29395,305.14426,3.4171503,3.5695858,312.58722,313.14166,312.73392,313.23822,5.3289933,3.4814415,3.5510683,310.7577,311.06992,309.45422,309.91388,312.2251,310.98444,3.2542827129364014,-0.06040523573756218,6.163357734680176,0.99609375,15.731281280517578,91.62947678168615
114,595000,63.16170172555017,-313.8595,0.033392694,1.1730149,1590.508,1590.5251,312.20886,316.7851,307.68933,312.26855,316.79352,308.16577,3.4450614,3.2687974,314.57147,314.56714,314.71997,314.66156,3.0701272,3.3450634,3.1686425,313.6937,313.77774,311.96954,312.2114,313.97122,313.47656,3.274733781814575,-0.010888209566473961,5.7870869636535645,0.9921875,15.14472770690918,92.87747339407603
115,600000,91.93859925236161,-318.65955,0.031243103,-0.63059413,1621.748,1613.2043,318.50418,322.95465,313.3872,316.9383,321.2732,312.21765,2.9042447,3.0165272,320.49677,318.88107,320.64728,319.032,7.899185,2.8180606,2.9321706,319.73047,318.08588,318.20972,316.74304,318.74756,319.77155,3.265061855316162,0.5886660218238831,5.4398603439331055,0.9921875,14.83039665222168,94.15775682926179
116,605000,110.97880221974772,-311.2744,0.032671466,0.14007181,1578.0734,1577.9174,309.89154,314.28394,305.5121,309.80518,314.224,305.8422,2.9725585,3.1540463,311.83337,311.68915,311.9922,311.8299,4.5526032,3.0409417,3.0946817,310.68774,310.84796,309.89624,309.9437,311.37378,311.45544,3.201158285140991,0.23503917455673218,6.026849269866943,0.99609375,15.014787673950195,95.45399883985519
117,610000,110.15130329244556,-314.31927,0.033248987,-0.023976952,1598.5281,1594.648,313.07028,318.35916,304.99243,312.2448,317.674,304.80566,2.9876242,3.1900053,315.67776,314.8758,315.94565,314.97113,6.2536507,2.9929557,3.2810707,312.1795,311.23096,311.68555,310.98572,314.41882,311.8389,3.2867283821105957,0.6243435144424438,6.111808776855469,0.9921875,15.059637069702148,96.75437302192053
118,615000,55.23354133947325,-312.2907,0.031503465,-1.135395,1583.1101,1584.4558,310.93445,315.2221,306.30396,311.28833,315.54926,306.57172,2.7581477,2.8042872,312.71423,313.1903,312.856,313.2889,2.9591694,2.6716287,2.9178183,312.28217,312.64966,310.7161,310.86877,312.3749,312.85303,3.3492448329925537,0.5196967124938965,5.8574323654174805,1.0,15.27231216430664,98.02749076684316
119,620000,57.11864090170945,-311.1604,0.031953882,1.7513394,1576.8896,1575.8401,309.58832,314.01907,305.7234,309.35342,313.83307,305.41098,3.4466534,3.4518294,311.72797,311.6106,311.97028,311.7992,3.5398226,3.5085986,3.3880646,310.97812,310.87622,309.88574,309.4695,311.27252,311.78058,3.3402936458587646,0.2053362876176834,5.782089710235596,0.99609375,14.91192626953125,99.30886641740798
120,625000,112.87629522704721,-313.32162,0.030908333,-1.0119292,1590.1736,1588.8308,312.11523,316.6524,306.69904,311.93875,316.41467,307.00934,2.8326159,2.9165714,314.11172,313.88483,314.2635,313.98563,3.3914733,2.7089424,3.0289497,313.04742,312.9254,311.6401,311.61542,313.40533,313.45923,3.278554916381836,0.1049879938364029,5.956651210784912,0.99609375,14.717195510864258,100.63462939659755
121,630000,66.37437303868941,-314.11096,0.031268194,-0.37592742,1593.1893,1591.4492,312.81976,317.2854,308.52325,312.42474,316.95435,307.77853,2.990093,3.047606,314.69653,314.32855,315.06497,314.66562,4.3928623,2.891512,3.0963657,313.82166,313.34766,312.65594,312.23834,314.2014,313.8714,3.223238468170166,0.16860677301883698,5.5284929275512695,1.0,15.212902069091797,101.93984861771266
122,635000,66.98042595620727,-314.7114,0.032242432,-0.22350132,1595.4797,1595.196,313.4108,317.7821,309.0163,313.36246,317.7495,308.83505,2.8542078,2.998313,315.26904,315.30426,315.43976,315.45624,2.8318043,2.9349241,2.9754019,314.56268,314.5183,313.29657,313.0999,314.80603,314.2649,3.322422504425049,0.07639975100755692,5.883823394775391,0.9921875,14.89892578125,103.24978183905283
123,640000,99.35247898849276,-315.76273,0.031603012,1.0196137,1598.2744,1606.1353,313.65,318.32126,308.87708,315.2354,319.93127,310.5958,3.2896273,3.1745844,315.81537,317.48416,316.04602,317.63333,9.029665,3.295155,3.014666,314.5686,316.17847,313.47333,314.97342,315.86688,314.47147,3.3216891288757324,0.4081706404685974,6.236321449279785,0.99609375,15.13920783996582,104.5965272029241
124,645000,55.48906805993473,-318.1898,0.031416032,-0.26650947,1612.3728,1611.4456,316.5049,321.12003,311.71286,316.43793,320.9577,311.80627,2.9658115,3.053329,318.68448,318.64948,318.92038,318.82867,3.9353874,2.922984,2.9483767,317.74783,317.61023,315.8495,315.77527,318.2816,318.109,3.3063108921051025,0.5595118403434753,5.920711040496826,1.0,14.7333345413208,105.91573349634807
125,650000,110.7876861700256,-320.07315,0.033790316,-0.9020989,1623.6982,1621.9796,319.13342,323.34515,314.951,318.8263,323.0359,314.6742,2.760032,2.7484925,320.88208,320.59824,320.95953,320.71274,3.3936024,2.733704,2.6181436,320.308,319.93,318.98764,318.59695,320.16553,320.3815,3.264305591583252,0.6361366510391235,5.7645158767700195,0.99609375,14.569158554077148,107.28303609689077
126,655000,110.17577913640162,-316.786,0.030709503,0.5702458,1604.7227,1606.0281,315.23987,319.51624,309.73047,315.3711,319.86023,309.32974,3.03192,2.939026,317.25568,317.51648,317.36255,317.61026,25.183464,3.163714,2.8839178,316.22455,316.65424,314.9928,314.87805,316.88318,316.7768,3.302321195602417,0.2219405323266983,6.3393025398254395,1.0,15.027169227600098,108.64929078420003
127,660000,88.85718242718323,-317.73798,0.031373426,-0.42753863,1610.3623,1609.9434,316.24518,320.65125,311.4361,316.25946,320.62805,311.7915,2.8871868,2.9427476,318.2934,318.37488,318.4108,318.44397,2.600558,2.876498,2.8127615,316.694,316.75165,315.78174,315.70996,317.82825,316.66644,3.2897236347198486,0.2631114423274994,5.781735420227051,1.0,14.975187301635742,110.0149695277214
128,665000,110.60127526891065,-329.56604,0.029103447,-0.3228162,1672.3624,1667.687,328.65125,333.10446,323.85474,327.85837,332.1944,323.34888,2.7892623,3.0546482,330.5604,329.774,330.69763,329.93347,4.8019757,2.908729,2.972096,329.76337,329.11603,328.4602,327.63208,329.6507,330.17828,3.317014217376709,0.4332823157310486,5.43412971496582,1.0,14.759803771972656,111.40149847666423
129,670000,51.1711245329088,-321.59375,0.029909043,0.6232411,1629.5925,1628.2002,319.76584,324.6403,314.16293,319.5742,324.36957,314.3661,3.1659536,3.1551247,322.22623,321.95422,322.35583,322.21832,8.0114155,3.177582,3.1496687,320.89822,320.654,318.95703,318.79163,321.68878,320.8266,3.3010525703430176,-0.057176921516656876,5.901627540588379,1.0,14.947233200073242,112.76126826604208
130,675000,85.10814749362603,-311.12817,0.031851534,-0.5619301,1580.1337,1575.7988,310.19672,314.67667,304.7871,309.50067,313.77615,304.49384,2.8180435,2.7701797,312.06256,311.43158,312.2107,311.57825,3.7133446,2.8369644,2.752898,311.41992,310.8378,309.82568,309.00095,311.2185,311.07413,3.3452746868133545,-0.42048296332359314,6.159444808959961,0.9921875,14.976851463317871,114.1412489215533
131,680000,67.24379303281798,-319.75812,0.030387016,-0.049435377,1619.8376,1623.8923,317.9631,322.56976,312.29077,318.6587,323.45197,313.4442,3.0371928,2.900467,320.1903,320.5993,320.36282,321.21927,3.519261,2.9858503,2.9300423,318.52945,319.42816,317.1944,318.01572,319.84885,319.02277,3.3669373989105225,0.27224424481391907,5.738020896911621,0.9921875,15.46452522277832,115.52910434802374
132,685000,89.23781119172193,-306.342,0.031140205,0.28355753,1552.0979,1554.9679,304.50983,309.1034,299.05023,304.88736,309.73132,299.16104,3.007319,2.9174132,306.708,307.09424,306.9305,307.49866,4.7645736,3.0817342,2.8457909,305.88867,306.0994,303.73624,303.91443,306.43793,306.09137,3.346208095550537,-0.2192028909921646,6.197645664215088,0.9921875,14.960906028747559,116.93059259653091
133,690000,110.90409463961623,-312.02936,0.030703558,0.7269401,1582.1445,1580.31,310.4331,315.0475,305.15875,310.03006,314.6983,303.93512,3.179379,3.266553,312.72968,312.35956,312.98425,312.62164,2.4240727,3.2086883,3.2522802,311.36707,310.8778,309.9519,309.4754,312.1279,311.03754,3.3909852504730225,0.47724056243896484,6.099782943725586,1.0,15.297718048095703,118.35314032634099
134,695000,79.6532096200116,-326.09595,0.028848976,-0.6407981,1652.4832,1653.4366,324.7256,329.10074,320.00308,325.01123,329.28992,320.18713,2.843912,2.8535945,326.51282,326.81708,326.71906,326.90945,4.2245264,2.8192735,2.9505181,325.9139,326.2227,324.56293,324.9253,326.1773,326.48187,3.3544678688049316,0.08672835677862167,6.095089435577393,1.0,14.56480884552002,119.76354100306828
135,700000,88.39046587210862,-313.3541,0.031207202,1.0341698,1588.831,1587.9275,311.66763,316.43146,306.3324,311.47098,316.2994,305.6197,3.2114265,3.3166347,314.10318,313.89874,314.25443,314.15442,11.055933,3.2982805,3.3060951,312.2085,312.24664,311.09387,310.80844,313.45703,311.97516,3.378802537918091,-0.0032828450202941895,6.125514984130859,0.99609375,14.857280731201172,121.18575616677602
136,705000,110.03013129918733,-328.1844,0.031172084,-0.23067184,1662.6134,1661.9786,326.541,331.10712,320.1595,326.35904,331.00412,319.08984,2.9549923,3.0784748,328.667,328.82837,328.80048,328.94196,2.5252476,2.93349,3.2087188,327.18988,327.1369,326.10944,325.2608,328.27582,327.09467,3.329122543334961,0.5182780027389526,6.321805953979492,0.99609375,14.899554252624512,122.63426004648208
137,710000,56.8610364171224,-324.2633,0.02903199,-0.22178496,1645.4302,1641.03,323.31152,327.70715,318.19452,322.5268,326.8253,317.7307,2.9275584,2.8855674,325.20914,324.39957,325.39056,324.65387,2.91189,2.9373374,2.8630743,324.76215,323.88177,323.06848,322.26062,324.34857,323.40326,3.398087739944458,0.5792689323425293,5.72539758682251,1.0,15.405379295349121,124.0549561659495
138,715000,109.87732129221628,-318.2904,0.029432861,-0.045459975,1613.7332,1613.3926,316.8308,321.3767,310.8181,316.77512,321.3136,310.85022,2.9646091,2.982691,318.8037,318.86298,319.09448,318.98825,3.7219377,2.9871058,2.7804127,318.4666,318.35812,316.4621,316.34192,318.37836,318.65396,3.392575263977051,0.5150312781333923,6.17610502243042,1.0,15.56949234008789,125.5282416621844
139,720000,111.42541882784616,-320.1413,0.029433906,-0.07612032,1622.5121,1622.9022,318.51355,323.1197,313.31216,318.72565,323.26273,313.8081,2.9909153,3.0324445,320.66443,320.9032,320.8088,321.0094,5.111584,2.9784093,3.0411096,319.63855,319.81516,318.0112,318.20825,320.22894,320.42813,3.3907577991485596,0.21229484677314758,6.061522960662842,0.9921875,15.016763687133789,126.99952480792999
140,725000,59.950644792967964,-322.61017,0.029058944,-0.9286849,1634.7655,1635.3071,321.01627,325.5119,313.5455,321.2107,325.6385,313.94757,2.7642477,2.6904597,322.9712,323.2126,323.1916,323.4392,2.9057894,2.737543,2.6819184,322.5068,322.69336,320.2613,320.35553,322.68976,322.89383,3.3923964500427246,0.3533019721508026,5.850024223327637,0.99609375,14.872119903564453,128.44624042510986
141,730000,97.02035774801838,-314.1314,0.030792598,-1.3029418,1591.8169,1592.6343,312.89047,316.95255,309.01477,313.02032,317.1306,309.3137,2.633698,2.775006,314.62952,314.6974,314.72617,314.82166,2.229453,2.6256433,2.679357,313.9514,314.1164,312.64502,312.8712,314.21225,313.81934,3.3475899696350098,0.3574334979057312,6.193310737609863,1.0,14.449466705322266,129.9281786084175
142,735000,93.53379134462618,-315.2476,0.028172133,0.3397503,1598.9619,1600.2401,313.86026,318.3935,308.86115,314.0073,318.64642,308.6369,2.8946338,2.9341655,315.67072,315.82184,316.07013,316.466,4.6284437,3.0951834,2.8275623,314.90646,314.87762,313.5893,313.48334,315.33478,314.82257,3.4068655967712402,0.22740088403224945,6.046645164489746,0.99609375,15.190757751464844,131.41584148406983
143,740000,64.03459075684054,-319.77197,0.029105114,-0.07650772,1623.0007,1620.3167,318.5935,323.17184,313.71454,318.1167,322.66928,313.20752,3.0964563,3.0106575,320.72495,320.3669,320.92383,320.50262,7.494369,2.9783683,3.0579371,319.63538,319.18823,318.15933,317.5083,319.85867,319.07678,3.384645462036133,0.16665388643741608,5.788077354431152,0.98828125,15.503528594970703,132.89493122895558
144,745000,85.29611660698914,-326.9982,0.030405972,0.42525962,1656.396,1656.2299,325.1463,329.91183,319.55334,325.09763,329.91748,319.57526,3.0379984,2.9899848,327.4266,327.4096,327.69128,327.65833,10.051485,3.1217422,3.1490643,326.9873,326.7484,324.26953,324.17352,327.0931,326.88434,3.3447062969207764,0.6101434826850891,5.770692348480225,1.0,15.022296905517578,134.39726836284
145,750000,64.70712562536988,-313.36407,0.029149976,-0.057010576,1587.7528,1589.8027,311.61304,316.2153,305.602,312.0622,316.63657,306.82434,3.021822,3.08599,313.8017,314.17413,313.9009,314.29114,5.687662,2.9838738,3.0802429,312.50537,312.88287,311.16486,311.74963,313.45105,313.0099,3.29701828956604,-0.6537769436836243,6.277612686157227,1.0,15.648088455200195,135.89775501887004
146,755000,61.770040568826005,-329.4906,0.0300879,-1.054546,1668.8357,1669.3375,328.2356,332.36646,323.92633,328.36044,332.45474,323.79648,2.5455184,2.7141097,329.9638,330.07034,330.03802,330.1975,2.5669072,2.6990135,2.463398,329.4298,329.51532,327.88513,327.99362,329.5718,329.6131,3.35215163230896,0.4718800187110901,5.8661651611328125,1.0,14.932799339294434,137.40028827587764
147,760000,83.62775231739674,-326.99988,0.029093431,-1.404838,1658.0114,1655.8511,326.15375,330.19434,322.36505,325.77014,329.77405,322.26178,2.6203144,2.466485,327.6594,327.25156,327.98132,327.56992,2.6995292,2.6028438,2.3703794,327.00848,326.65277,325.82782,325.4963,327.0756,326.8783,3.309148073196411,0.3300568461418152,5.813793659210205,0.99609375,14.542536735534668,138.92068758010865
148,765000,98.0491957442483,-313.58856,0.029305952,1.408457,1589.6753,1588.7,311.88074,316.68512,306.5975,311.77533,316.50168,306.78436,3.3555014,3.4190297,314.34988,314.2568,314.45764,314.34308,4.358451,3.3990004,3.412601,313.31873,313.0773,311.52975,311.42114,313.68817,313.1018,3.2784981727600098,0.37149283289909363,5.8354902267456055,1.0,15.45867919921875,140.45612835089366
149,770000,64.21845917969164,-313.13397,0.02859825,-0.33324602,1588.8938,1587.5303,311.52466,316.38397,305.39893,311.46494,316.11838,305.55902,2.911981,3.0566974,313.80396,313.6698,314.14087,313.84998,3.551164,2.9062443,3.0583296,312.68954,312.7848,310.51837,310.76422,313.2171,312.71436,3.4158120155334473,-0.032137706875801086,6.193033218383789,0.99609375,15.024934768676758,141.9765345176061
150,775000,102.98843747927052,-328.64703,0.028573226,-0.3179608,1664.3691,1663.5995,327.15143,331.4964,321.95496,326.91486,331.38037,321.7836,3.0209513,3.0763044,329.20062,328.9033,329.30862,329.1333,6.2717495,2.9105668,3.0176911,327.9452,327.48846,326.96283,326.72577,328.7302,328.3971,3.3549141883850098,0.6296765208244324,5.6320624351501465,1.0,15.112271308898926,143.52779630422592
151,780000,92.54725856509324,-322.7456,0.030832764,-0.31542164,1638.0107,1634.0585,321.8729,326.1827,316.83905,321.1186,325.39606,316.15323,2.73913,2.8353524,323.68652,322.97498,323.82648,323.15005,2.9423785,2.9093401,2.7328873,323.3594,322.64276,321.60065,320.72574,322.83527,323.16473,3.4019317626953125,0.5369330644607544,6.110473155975342,1.0,15.307568550109863,145.08806885083516
152,785000,61.71791572274815,-324.64258,0.028762298,0.025680542,1643.3175,1644.3574,322.33337,327.3319,315.5114,322.6197,327.56287,316.08316,3.0248594,3.1546717,325.0491,325.2624,325.25403,325.39594,27.463968,3.0072365,3.1361873,322.63727,322.88458,320.79703,321.30087,324.72906,323.49567,3.312662124633789,0.2209443598985672,5.249582767486572,1.0,15.036460876464844,146.6344318707784
153,790000,65.27923487739211,-327.19757,0.030683426,0.26914316,1658.5801,1657.2582,325.9369,330.47366,321.06818,325.7887,330.20868,321.8416,2.8810713,2.761613,327.93994,327.69235,328.07123,327.8575,3.4914773,3.0772505,2.688456,327.50845,327.20178,325.36273,325.37946,327.29196,326.56647,3.472177028656006,0.6856269836425781,5.84104585647583,1.0,15.50755500793457,148.19380084673563
154,795000,76.94867958418256,-331.15414,0.027893495,-1.1420096,1677.6278,1677.1204,329.9057,334.1488,325.86893,329.90436,334.03815,326.31604,2.6714158,2.5609322,331.4864,331.45026,331.66602,331.64563,2.4699576,2.6809459,2.5877328,331.13474,331.17822,329.71762,329.77002,331.22894,331.2924,3.3789491653442383,0.532021701335907,5.732531547546387,0.99609375,14.752376556396484,149.7650404969851
155,800000,46.81970179165614,-321.28552,0.027073352,-0.14695926,1627.7854,1627.2987,319.8323,324.19357,315.43036,319.90054,324.06052,315.8647,2.9329607,2.9168017,321.74423,321.86316,321.87726,321.99072,2.3572626,2.959282,3.1065228,321.2584,321.31967,319.6457,319.6181,321.36563,321.62714,3.407933235168457,0.19060663878917694,6.117611408233643,1.0,15.157196998596191,151.32290548086166
156,805000,112.65506548777664,-321.85956,0.029934375,0.03472119,1628.7761,1631.4749,319.57758,324.40045,313.60324,320.25903,324.95667,314.4843,3.0055368,3.0831356,322.154,322.78656,322.26718,322.93967,3.6962788,3.0098956,3.0051453,320.42807,321.0928,318.32077,319.06006,321.94968,321.5791,3.546382188796997,0.715673565864563,6.278111457824707,1.0,15.786369323730469,152.92698129415513
157,810000,60.362944618435556,-325.82123,0.029360263,-0.2748875,1651.8922,1649.8777,324.82306,328.948,320.7505,324.43643,328.57178,320.71634,2.9036486,2.6944387,326.58823,326.13843,326.7122,326.32227,1.8993964,2.9220865,2.8494473,326.1357,325.688,324.68744,324.36716,325.90704,326.07986,3.449653148651123,0.31188684701919556,6.266805171966553,0.99609375,15.883487701416016,154.51312869389852
158,815000,68.53841861203763,-319.586,0.028185742,1.1142299,1618.9625,1618.6445,317.34515,322.45233,311.22784,317.5127,322.3985,311.6065,3.3548288,3.5368426,319.8182,320.26907,320.28757,320.48138,14.0433655,3.312202,3.3495274,319.18298,319.03528,316.74188,316.59985,319.67932,319.77423,3.3653481006622314,0.018814558163285255,6.308576583862305,0.99609375,15.305021286010742,156.10739786227543
159,820000,64.06797866990662,-327.5658,0.02705012,-0.39345106,1663.3635,1656.1913,326.74936,331.29388,320.63016,325.37518,329.8632,319.7324,2.9634032,3.072571,329.0443,327.67725,329.1602,327.79694,2.9630742,2.8910127,3.1258922,327.6731,326.06677,326.00006,324.6079,327.644,326.67688,3.416832685470581,0.6078850030899048,6.142418384552002,1.0,15.661749839782715,157.70442463556927
160,825000,110.92684512769281,-324.73804,0.02975754,-1.129872,1643.4353,1645.6575,322.92328,327.24664,318.15384,323.39594,327.78058,318.82785,2.7806096,2.6960578,324.9444,325.47546,325.17706,325.77072,3.0831847,2.6785269,2.7954812,324.6659,325.02625,322.0456,322.33878,324.81775,324.3128,3.3625540733337402,-0.22911715507507324,6.323037147521973,0.99609375,15.165300369262695,159.34809250036875
161,830000,48.33931197244107,-322.74463,0.0292865,-0.15302002,1635.7092,1633.7914,321.03036,325.7091,315.61655,320.7402,325.35977,315.58356,2.9603522,2.7991605,322.73926,322.52484,323.61578,323.25153,2.5740979,2.956659,2.7354338,322.20648,321.98193,320.41595,320.12433,322.83124,322.1221,3.471409320831299,-0.4367588460445404,6.168987274169922,0.9921875,15.308572769165039,160.95694278081257
162,835000,59.53018445274707,-319.9981,0.028858017,0.25979984,1621.1271,1625.144,318.13458,322.87585,312.44632,318.53223,323.7228,312.32922,3.0820284,3.24095,320.66397,321.39557,320.88226,321.5157,31.468664,3.0732784,3.220304,318.8813,318.8852,317.101,316.92902,320.0868,319.0369,3.4432432651519775,0.340959757566452,6.387229919433594,0.99609375,15.734415054321289,162.5778007586797
163,840000,51.81933946467703,-331.11502,0.029491618,-0.27065882,1677.0958,1677.5996,329.6903,334.00256,325.2759,329.76495,334.1326,324.81277,2.919952,2.8552165,331.5168,331.65186,331.60626,331.77667,2.5934067,2.923188,2.8593504,331.20718,331.33142,329.64355,329.56207,331.20123,330.34787,3.3897533416748047,0.5449316501617432,6.036287307739258,0.98828125,15.386112213134766,164.204457505544
164,845000,49.10015470001386,-327.11536,0.028504817,0.14683609,1656.5125,1656.4216,325.19653,329.99362,318.7904,325.363,329.99432,319.54697,3.115385,3.289557,327.51447,327.69598,327.63638,327.78497,3.7113118,3.0412729,3.2971873,327.0374,327.03784,324.76422,324.9335,327.20203,327.77872,3.5711445808410645,0.4321385324001312,6.251926422119141,1.0,16.143272399902344,165.83598647912342
165,850000,50.5946933910853,-325.7362,0.02890599,0.58311594,1649.5533,1649.0072,323.76617,328.56873,317.79187,323.6963,328.4984,317.90912,3.0848362,3.1017365,326.21332,326.06146,326.38177,326.31464,3.2008862,3.1645498,3.010081,325.15106,325.03082,322.81042,322.81985,325.8277,325.28268,3.30954909324646,-0.14771737158298492,5.918440341949463,1.0,15.453373908996582,167.47848854462305
166,855000,81.89170577746061,-320.50195,0.028154118,0.67636055,1625.2506,1621.4883,319.2043,323.69122,314.6525,318.58585,322.91675,314.25638,3.2232516,3.1828809,321.39575,320.80127,321.5088,320.88287,6.087346,3.1894531,3.0874887,320.1662,319.4504,319.03503,318.4001,320.59174,319.92007,3.5005645751953125,-0.34835198521614075,6.196839332580566,1.0,15.867362976074219,169.15822087526323
167,860000,104.16294446317913,-324.11862,0.028347287,1.7314751,1641.6475,1641.0293,322.01733,326.98132,316.04025,321.9795,326.85217,316.8241,3.3525543,3.4022894,324.7026,324.59238,324.81952,324.71042,2.9142075,3.4859295,3.3485718,322.16135,321.9961,321.20535,321.31107,324.21744,322.68396,3.476694107055664,-0.03183530271053314,6.228572845458984,0.99609375,15.703545570373535,170.8549582362175
168,865000,53.37602425938673,-327.14594,0.028717782,1.8456731,1655.7345,1656.6886,324.89026,329.79507,318.0389,324.9647,330.01154,318.14624,3.2723823,3.318849,327.59805,327.61652,327.645,327.85812,11.434488,3.5198727,3.3143194,326.25763,326.68732,323.93958,323.93118,327.247,326.04102,3.4300246238708496,0.08794970065355301,6.053561687469482,1.0,15.086735725402832,172.51465998093286
169,870000,56.822815047550804,-326.5675,0.026044833,-0.8060964,1653.9352,1653.3137,325.0883,329.41736,320.66284,325.0059,329.29913,320.91272,2.7996714,2.9221957,327.10815,326.9817,327.20807,327.09567,3.0272245,2.7790265,2.974154,326.21088,326.1471,324.5911,324.5827,326.6399,326.56824,3.4375767707824707,0.25006207823753357,6.166346549987793,1.0,15.507888793945312,174.18607319990795
170,875000,28.94571462537774,-326.08597,0.02778198,0.7121191,1652.9835,1650.288,324.5675,329.23303,319.44226,324.16992,328.71246,318.8896,3.0852804,3.0902457,326.7689,326.45526,327.0586,326.70825,6.28247,3.198729,3.064193,324.44897,323.9225,323.97104,323.44235,326.1748,323.83795,3.4213976860046387,-0.043110452592372894,6.352328777313232,0.98828125,15.501994132995605,175.853897301356
171,880000,67.80148320963502,-327.318,0.027933089,-0.08806981,1657.3827,1657.8185,325.54776,330.07687,319.8842,325.67047,330.21222,319.83047,3.0584192,3.1871486,327.7458,327.8858,327.85336,328.03333,4.586378,2.9753854,3.0304809,327.23285,327.1896,325.2102,325.25836,327.4011,327.24033,3.526282787322998,0.6040629744529724,6.319368362426758,1.0,15.672298431396484,177.54755820830664
172,885000,67.4348837857489,-318.3551,0.02735412,-0.492739,1613.1909,1614.3142,316.94482,321.26923,312.49036,317.29312,321.51233,313.47815,2.8452997,2.8393502,318.8573,319.16064,318.90292,319.24463,4.2227645,2.8630857,2.84507,318.2694,318.57056,316.67938,317.07935,318.4334,318.4615,3.464247703552246,0.8023896217346191,5.928827285766602,1.0,15.880855560302734,179.25136363108953
173,890000,72.48361609528875,-328.76965,0.027974531,-1.0938522,1668.8257,1664.907,328.17975,332.34766,323.4965,327.38184,331.54578,323.26028,2.6356237,2.7821934,329.9416,329.08887,330.05328,329.12708,3.946297,2.6941524,2.7294602,329.51486,328.78833,327.8827,327.26788,328.84503,328.31097,3.423649787902832,0.5881970524787903,5.866641044616699,0.99609375,15.226472854614258,180.9706601103147
174,895000,84.29751440530518,-328.1329,0.029884603,-0.88015956,1664.2751,1663.4688,326.3016,331.5453,318.1864,326.2433,331.37463,318.9745,2.8565953,2.859738,328.90247,328.6446,328.96112,328.86813,9.752047,2.7492719,2.850233,327.70148,328.10217,324.6781,324.854,328.21506,327.31863,3.3789398670196533,0.2764439582824707,6.0558271408081055,1.0,14.979324340820312,182.6938442150752
175,900000,66.80255888564004,-330.02155,0.028071377,-0.6988928,1670.728,1671.8473,328.15228,332.74243,321.60565,328.5143,333.0032,323.47766,2.8619533,2.8637261,330.42197,330.70685,330.536,330.77795,4.545992,2.8043964,2.8208778,329.99283,330.23627,327.14514,327.70435,330.10028,330.68335,3.4817042350769043,0.6922693848609924,6.292758464813232,0.99609375,15.809563636779785,184.42346262137096
176,905000,58.77406411653971,-326.34705,0.027400909,0.49504364,1654.1179,1653.5961,324.97763,329.49072,320.18576,324.78424,329.414,319.50574,3.0786572,2.982049,326.99594,326.81012,327.16483,327.04333,3.3826516,3.13762,3.0789528,326.52707,326.4985,324.7533,324.48047,326.433,326.64624,3.536040782928467,0.6158466339111328,6.136977672576904,1.0,15.674165725708008,186.15385738213857
177,910000,58.7972227142245,-319.3355,0.02716196,0.072128534,1616.2402,1619.3696,317.30945,321.89682,312.3426,317.99774,322.5348,313.23373,3.1146011,3.248262,319.57874,320.2696,319.69986,320.35638,2.409015,3.0200028,3.2417898,319.09387,319.72845,316.93307,317.65076,319.41754,319.53998,3.5105645656585693,-0.010427440516650677,5.985074520111084,0.99609375,15.771760940551758,187.89204113086063
178,915000,58.29988450415896,-321.43835,0.02944456,-0.2090303,1628.994,1629.0398,319.81332,324.41214,314.93265,319.98587,324.45068,315.29456,3.0228279,2.9265766,321.52597,321.89984,322.16547,322.2226,3.2125313,2.9407048,2.914765,320.69983,320.9599,319.61853,319.7051,321.52496,320.44183,3.4059133529663086,0.21301469206809998,6.010956287384033,0.99609375,15.26902961730957,189.64327017068862
179,920000,112.31874665163843,-326.17508,0.028875027,1.4791784,1651.7488,1651.9966,324.61792,328.9427,320.2701,324.6226,329.04117,319.21582,3.186235,3.1515808,326.75638,326.82114,326.8507,326.90643,2.245376,3.4172835,3.219217,326.21378,326.32217,324.50507,324.39856,326.27374,326.23975,3.493501901626587,0.3704546391963959,6.476297378540039,1.0,15.934739112854004,191.4355211853981
180,925000,53.400591786747455,-324.94647,0.028833134,-0.42492613,1646.2996,1648.1548,323.07562,327.85303,317.17822,323.50378,328.3064,317.79492,3.036233,3.0680108,325.38995,325.84955,325.49673,325.92746,2.8142674,2.880175,3.1196575,323.83197,324.4212,322.36493,322.759,325.02948,324.26266,3.2733500003814697,-0.05325688049197197,5.922542095184326,0.9921875,15.168817520141602,193.1895900408427
181,930000,64.18561874239353,-321.4068,0.02876416,-0.84400797,1628.9142,1629.2174,320.25726,324.40115,316.24084,320.39117,324.43896,316.6245,2.6488385,2.5107727,321.8192,321.99908,321.93146,322.08203,2.1178875,2.7621593,2.635489,321.53867,321.58832,320.10114,320.17258,321.48627,321.63895,3.57836651802063,0.5811454653739929,6.277324676513672,0.99609375,15.55019760131836,194.96334568659464
182,935000,69.22355115153856,-323.80206,0.028815135,0.9987102,1640.1509,1640.9956,322.20328,326.67926,317.61444,322.39398,326.86,317.922,3.2173984,3.0657291,324.23007,324.43158,324.3612,324.5824,2.6888504,3.2815762,3.0341542,323.64752,323.87274,322.22223,322.3717,323.8966,323.7868,3.4208931922912598,0.3790285587310791,5.776641368865967,1.0,16.143260955810547,196.74746803442636
183,940000,47.48314913386941,-329.20526,0.028017152,0.44823694,1668.4775,1666.7183,327.02756,332.35742,318.75073,326.782,331.96423,318.91077,3.1327705,3.106124,329.62357,329.19064,330.09213,329.8403,17.799023,3.1253831,3.2441967,327.75668,327.07266,325.52637,325.47452,329.29285,327.39288,3.4124794006347656,-0.3383964002132416,6.313186168670654,0.9921875,15.826729774475098,198.5256737947464
184,945000,53.068748268562175,-330.59637,0.026523592,-1.0510451,1673.906,1675.1018,328.90192,333.39972,324.59128,329.1754,333.6352,324.85706,2.8995695,2.8978038,331.02423,331.2998,331.0998,331.3919,17.220129,2.7104335,3.0958755,330.0617,330.24298,328.29962,328.55255,330.66827,330.23505,3.4458203315734863,0.47894394397735596,6.024532318115234,0.99609375,15.54339599609375,200.31689190069835
185,950000,71.47313803541624,-331.80804,0.027114393,0.6117799,1680.8215,1679.9187,330.3776,334.75858,325.65933,330.2459,334.59003,325.77936,3.034674,3.16686,332.32025,332.25812,332.4207,332.34863,2.1782532,3.1695766,3.1382344,331.90253,331.93933,330.51392,330.2531,331.89398,332.06793,3.5945591926574707,0.7723784446716309,6.39851188659668,0.99609375,15.901153564453125,202.13272910515468
186,952500,66.08804273834,-325.6176,0.028105749,-1.6387516,1650.8187,1649.2478,324.59125,328.7357,320.1543,324.29144,328.44128,319.96515,2.6685014,2.7421868,326.23456,325.9737,326.33276,326.09802,2.0190477,2.541195,2.8136985,325.7151,325.411,324.53763,324.1338,325.68903,325.29767,3.4110639095306396,0.09961168467998505,6.006016254425049,0.99609375,15.253747940063477,203.05786644220353
187,955000,70.6385160716405,-325.48526,0.026631165,-0.9850517,1648.7722,1650.9758,324.1463,328.32855,320.28073,324.70526,328.80096,321.06168,2.7046213,2.732206,325.7395,326.32254,325.79407,326.43246,2.011871,2.728312,2.6496327,325.43127,325.9635,324.26276,324.71808,325.55792,326.03748,3.4618091583251953,0.17008405923843384,6.295080661773682,0.99609375,15.529585838317871,203.98725825548172
188,957500,56.08020126039601,-329.04883,0.027447151,-1.8307264,1670.118,1665.8816,328.25232,332.5755,323.16608,327.4533,331.73233,322.68484,2.4621687,2.5188553,330.14264,329.34033,330.20163,329.3974,5.6693897,2.4908273,2.4193878,328.06342,327.16467,327.3143,326.52368,329.1172,327.26935,3.5700364112854004,-0.34087681770324707,6.181766033172607,0.9921875,15.49942398071289,204.91732854843139
189,960000,69.51733565734902,-328.64658,0.027376236,-1.3758099,1665.8611,1665.6453,327.56424,331.7963,323.53333,327.52167,331.80347,323.43265,2.748588,2.773232,329.2591,329.25995,329.34766,329.3595,2.013905,2.6176267,2.8834112,328.8064,328.8316,327.52832,327.38794,328.71826,328.64456,3.563797950744629,0.2842808961868286,6.289726257324219,0.99609375,15.694046020507812,205.85571034351986
190,962500,54.545615806120786,-328.11218,0.026547523,0.49508852,1663.5232,1660.9724,326.98132,331.30664,322.85727,326.62027,330.81543,323.1172,3.0186985,2.9825041,328.85074,328.48132,329.02115,328.6173,1.7278875,3.1364322,3.0450172,328.39243,328.00616,326.99387,326.6839,328.19543,328.29205,3.6717262268066406,0.40718480944633484,6.496208667755127,0.99609375,16.24228286743164,206.78923768202463
191,965000,78.39878244699288,-331.5208,0.026844962,-0.27538896,1678.773,1680.6008,329.86642,334.32715,325.76755,330.36993,334.78232,326.3553,2.926793,2.9488606,331.6029,332.23004,332.11737,332.5661,2.314252,2.9238768,3.1847708,331.0243,331.6018,329.67517,330.1098,331.5993,331.28793,3.3999037742614746,-0.09615819901227951,6.174746513366699,0.99609375,15.347227096557617,207.7442703048388
192,967500,80.71234691760989,-330.0512,0.02813721,-1.7797,1671.1716,1672.7197,328.55182,332.78488,323.42322,328.8521,333.1077,324.30566,2.551426,2.567184,330.39148,330.6947,330.51648,330.75552,3.1624246,2.501577,2.4825983,329.60754,329.78027,327.78668,328.14523,330.12158,329.75998,3.4992260932922363,0.7422910332679749,6.330435752868652,1.0,15.139749526977539,208.70190263986586
193,970000,71.13287138738562,-329.51904,0.029656665,0.33011684,1671.4507,1667.0667,328.50183,332.8938,324.4217,327.66257,332.01443,323.8672,3.1329284,3.1927629,330.53375,329.67328,330.66165,329.82947,2.096478,3.0938349,3.090516,330.1139,329.34753,328.55637,327.7312,329.61078,330.06586,3.522616386413574,-0.3367913067340851,6.080743789672852,0.99609375,16.233234405517578,209.6592756907145
194,972500,65.93799198441951,-321.30362,0.029676618,-0.26412922,1628.8721,1628.2876,320.09167,324.41284,315.43094,319.96353,324.354,315.4895,2.7438684,2.8269086,321.92624,321.81653,321.99808,321.9197,5.087881,2.9249077,2.8679497,321.27536,321.3824,319.84195,319.64563,321.39044,321.74304,3.500157356262207,0.7311023473739624,6.618710041046143,0.99609375,15.494672775268555,210.61502499580382
195,975000,114.46688631802931,-323.87772,0.029432412,0.29772317,1641.1038,1640.1533,322.23978,326.86224,316.6144,322.0941,326.74402,316.47217,3.1202877,3.2060382,324.48474,324.403,324.629,324.47928,3.00838,3.0844448,3.3690755,324.09784,323.88,321.85245,321.64673,323.9685,324.38147,3.443173408508301,0.42107340693473816,6.06574010848999,0.9921875,15.9815673828125,211.60011179447173
196,977500,105.3912829137906,-323.6061,0.026328389,0.9213921,1639.1177,1638.7507,321.635,326.49896,316.87634,321.65222,326.44965,317.02316,3.3189807,3.3421803,324.03473,324.15128,324.23004,324.2826,2.177353,3.2533312,3.2888057,322.7528,322.771,321.22195,321.10443,323.69177,322.81586,3.53701114654541,0.02287420630455017,6.224734306335449,1.0,16.081195831298828,212.58570750554404
197,980000,45.93980291206988,-321.7321,0.027548369,-0.22671276,1627.678,1630.2505,319.75757,324.1801,315.11383,320.40793,324.7011,316.49695,2.9933867,3.0185282,321.82465,322.42877,322.18878,322.63446,3.1587958,2.9368808,2.8615088,321.35663,321.82666,319.19165,320.09302,321.813,321.77136,3.467590570449829,0.03620539605617523,6.141557693481445,0.9921875,15.789752006530762,213.5485098918279
198,982500,89.13021619546848,-324.61224,0.029438032,-0.62593085,1644.9814,1643.9706,323.10886,327.60947,316.57065,323.0423,327.47546,317.69574,2.7107081,2.8903792,325.1864,324.96735,325.28723,325.1,9.998832,2.8224545,2.782075,323.9328,324.0256,322.37457,322.58124,324.6953,323.46335,3.3352203369140625,-0.1052241399884224,6.597054481506348,1.0,15.229262351989746,214.53553929726283
199,985000,82.21141385111592,-322.94965,0.029315863,-0.07965717,1635.7987,1636.9482,321.27655,325.76025,316.36356,321.3559,326.00452,316.07935,3.075364,3.0976648,323.61505,323.62924,323.6375,323.89575,4.429003,2.9774318,3.0043826,322.47678,322.51074,320.67078,320.63623,323.03693,322.34747,3.484313488006592,0.4827080965042114,6.728001594543457,0.9921875,15.362693786621094,215.51784625053406
200,987500,52.45118194006664,-327.7658,0.029664006,0.43696153,1659.6998,1659.8115,325.91205,330.58862,320.49994,325.93433,330.64313,320.92957,3.1327424,3.254321,328.27637,328.33795,328.39618,328.43896,3.5034544,3.1242137,3.21098,327.81305,327.8783,325.37122,325.3336,327.85846,327.59888,3.463766098022461,0.06462156027555466,6.578840732574463,0.99609375,15.413631439208984,216.49115258455276
201,990000,111.77732445951231,-325.36786,0.028427064,-0.09031612,1646.763,1649.6083,323.4596,327.97528,318.18118,324.04614,328.6151,318.69714,3.051992,3.0375426,325.63657,326.2787,325.7302,326.4057,6.891942,2.9746332,3.0404415,324.78632,325.51675,323.02203,323.46417,325.4524,325.00085,3.6158993244171143,0.44686180353164673,6.5435261726379395,1.0,16.093170166015625,217.5040276368459
202,992500,62.15697276727538,-322.1242,0.028201375,-0.8924914,1632.4977,1632.0964,320.96667,325.13837,317.17032,320.88284,325.10294,316.95392,2.6944308,2.7177386,322.69296,322.69202,322.75085,322.78522,2.0963721,2.7498894,2.5508485,322.2489,322.1994,320.78897,320.50394,322.20178,322.0531,3.646845817565918,0.6715317964553833,6.262840747833252,1.0,16.354930877685547,218.48857608238856
203,995000,48.638200365306474,-323.30038,0.028305262,0.121598184,1637.634,1637.6991,321.50983,326.21783,315.22147,321.60272,326.26373,315.7289,3.0200677,3.2876344,323.7709,323.91132,323.9203,324.07214,3.1198545,3.0341115,3.4463885,323.05734,323.0891,321.06653,321.05286,323.38626,323.25696,3.419373035430908,-0.2342790812253952,6.045461654663086,0.9921875,15.233895301818848,219.47715713183086
204,997500,84.61856202893406,-324.24622,0.027469128,-0.5855568,1641.7311,1643.5623,322.78162,326.93823,318.87366,323.09464,327.34814,318.70593,2.7529776,2.810835,324.61774,324.9358,324.70544,325.05255,2.5896876,2.8371053,2.6957746,324.1192,324.48346,322.50607,322.7799,324.32416,323.6512,3.568125009536743,0.417939692735672,6.517966270446777,1.0,15.88400936126709,220.48418670495352
205,1000000,43.7995028135034,-325.08267,0.028903486,0.049529016,1646.0505,1646.6267,323.53412,327.7927,319.36063,323.74744,327.93408,319.99173,2.9257116,3.0104027,325.5379,325.76874,325.61194,325.81152,3.7662432,3.013976,2.896693,325.18158,325.29468,323.3092,323.51862,325.16977,325.26303,3.5975568294525146,0.6432578563690186,6.471019744873047,0.9921875,16.014196395874023,221.47292383114498
